annotated,correction,broad,order
baldeagle,bald_eagle,raptor,accipitriformes
beardedvulture,bearded_vulture,raptor,accipitriformes
blackvulture,black_vulture,raptor,accipitriformes
buteobuteo,common_buzzard,raptor,accipitriformes
buzzard,buzzard,raptor,accipitriformes
commonbussard,common_buzzard,passerine,accipitriformes
commonbuzzard,common_buzzard,passerine,accipitriformes
coopershawk,Coopers_hawk,raptor,accipitriformes
crested_eagle,crested_eagle,raptor,accipitriformes
crestedeagle,crested_eagle,raptor,accipitriformes
crestedgoshawk,crested_goshawk,raptor,accipitriformes
eagle,eagle,raptor,accipitriformes
easternbuzzard,eastern_buzzard,raptor,accipitriformes
eurasiansparrowhawk,Eurasian_sparrowhawk,raptor,accipitriformes
goldeneagle,golden_eagle,raptor,accipitriformes
goshawk,Northern_goshawk,raptor,accipitriformes
gypaetusbarbatus,bearded_vulture,raptor,accipitriformes
hawk,hawk,raptor,accipitriformes
hoodedvulture,hooded_vulture,raptor,accipitriformes
mountain_hawk_eagle,mountain_hawk-eagle,raptor,accipitriformes
mountainhawk-eagle,mountain_hawk-eagle,raptor,accipitriformes
northerngoshawk,northern_goshawk,raptor,accipitriformes
redtailedhawk,red-tailed_hawk,raptor,accipitriformes
redshoulderedhawk,red-shouldered_hawk,raptor,accipitriformes
redbackedhawk,red-backed_hawk,raptor,accipitriformes
seaeagle,sea_eagle,raptor,accipitriformes
vulture,vulture,raptor,accipitriformes
whitetailedeagle,white-tailed_eagle,raptor,accipitriformes
withetiledeagle,white-tailed_eagle,raptor,accipitriformes
animal,animal,animal,animal
steller's_eider,stellars_eider,duck,anseriformes
anseriformes_sp.,avian,avian,anseriformes
ruddy_shelduck,ruddy_shelduck,duck,anseriformes
white_peckin_duck,pekin_duck,duck,anseriformes
dendrocygna_viduata,white-faced_whistling_duck,duck,anseriformes
anas_querquedula,gargeny,duck,anseriformes
anas_crecca,green-winged_teal,duck,anseriformes
anas_platyrhynchos_var._domesticus,domestic_mallard,duck,anseriformes
mallard(anas_platyrhynchos),mallard,duck,anseriformes
anas_platyrhynchos,mallard,duck,anseriformes
americanblackduck,American_black_duck,duck,anseriformes
anas_acuta,Northern_pintail,duck,anseriformes
anas_carolinensis,green-winged_teal,duck,anseriformes
americangreen_wingedteal,green-winged_teal,duck,anseriformes
anas_americana,American_wigeon,duck,anseriformes
anasplatyrhynchos,mallard,duck,anseriformes
anasplatyrhynchosdomesticus,domestic_duck,duck,anseriformes
anasplatyrhynchosdomestica,domestic_duck,duck,anseriformes
aythyafuligula,tufted_duck,duck,anseriformes
baikalteal,baikal_teal,duck,anseriformes
black_duck,American_black_duck,duck,anseriformes
blackduck,American_black_duck,duck,anseriformes
blacknestedgrebe,black-necked_grebe,duck,anseriformes
breederduck,breeder_duck,duck,anseriformes
broilerduck,broiler_duck,duck,anseriformes
cascadeduck,cascade_duck,duck,anseriformes
common_goldeneye,common_goldeneye,duck,anseriformes
commongoldeneye,common_goldeneye,duck,anseriformes
common_pochard,common_pochard,duck,anseriformes
commonpochard,common_pochard,duck,anseriformes
commonteal,Eurasian_teal,duck,anseriformes
dack,duck,duck,anseriformes
domestic_duck,duck,duck,anseriformes
domesticduck,duck,duck,anseriformes
domestic_green_winged_teal,green-winged_teal,duck,anseriformes
domesticgreen-wingedteal,green-winged_teal,duck,anseriformes
domesticgreen_wingedteal,green-winged_teal,duck,anseriformes
domesticmallardduck,mallard,duck,anseriformes
domesticmallard,mallard,duck,anseriformes
duck,duck,duck,anseriformes
duckbroiler,duck,duck,anseriformes
duck_broiler,duck,duck,anseriformes
gadwall_duck,gadwall,duck,anseriformes
gadwallduck,gadwall,duck,anseriformes
goldeneyeduck,Goldeneye,duck,anseriformes
goosander,goosander,duck,anseriformes
greaterscaup,greater_scaup,duck,anseriformes
europeanteal,Eurasian_teal,duck,anseriformes
eurasianteal,Eurasian_teal,duck,anseriformes
falcatedduck,falcated_duck,duck,anseriformes
indianrunnerduck,indian_runner_duck,duck,anseriformes
indian_runner_duck,indian_runner_duck,duck,anseriformes
mallard,mallard,duck,anseriformes
mallard_duck,mallard,duck,anseriformes
mallardduck,mallard,duck,anseriformes
mandarinduck,Mandarin_duck,duck,anseriformes
mandarin_duck,Mandarin_duck,duck,anseriformes
mergusalbellus,smew,duck,anseriformes
migratoryduck,duck,duck,anseriformes
cairina_moschata,Muscovy_duck,duck,anseriformes
muscovy,Muscovy_duck,duck,anseriformes
muscovyduck,Muscovy_duck,duck,anseriformes
muscovy_duck,Muscovy_duck,duck,anseriformes
northernpintail,Northern_pintail,duck,anseriformes
pekingduck,Peking_duck,duck,anseriformes
pekinduck,American_Pekin_duck,duck,anseriformes
American_Pekin_duck,American_Pekin_duck,duck,anseriformes
pintail,Northern_pintail,duck,anseriformes
pochard,common_pochard,duck,anseriformes
rbpochard,red-chested_pochard,duck,anseriformes
ringneckedduck,ring-necked_duck,duck,anseriformes
rubbyshelduck,Ruddy_shelduck,duck,anseriformes
ruddy_shelduck,Ruddy_shelduck,duck,anseriformes
ruddyshelduck,Ruddy_shelduck,duck,anseriformes
teal,teal_duck,duck,anseriformes
tufted_duck,Tufted_duck,duck,anseriformes
tuftedduck,Tufted_duck,duck,anseriformes
wild_duck,duck,duck,anseriformes
wildduck,duck,duck,anseriformes
wood_duck,Wood_duck,duck,anseriformes
woodduck,Wood_duck,duck,anseriformes
yellow_billed_duck,yellow-billed_duck,duck,anseriformes
yellowbilledduck,yellow-billed_duck,duck,anseriformes
greyduck,pacific_black_duck,duck,anseriformes
common_shelduck,common_shelduck,duck,anseriformes
anser_fabalis,bean_goose,goose,anseriformes
bar-headed_goose_(anser_indicus),bar-headed_goose,goose,anseriformes
africangoose,african_goose,goose,anseriformes
african_goose,african_goose,goose,anseriformes
americanbuffgoose,american_buff_goose,goose,anseriformes
ansercygnoides,swan_goose,goose,anseriformes
anseralbifrons,greater_white-fronted_goose,goose,anseriformes
anseranser,greylag_goose,goose,anseriformes
anseranserdomesticus,domestic_goose,goose,anseriformes
anserbrachyrhynchus,pink-footed_goose,goose,anseriformes
goose,goose,goose,anseriformes
geese,goose,goose,anseriformes
bar_headed_goose,bar-headed_goose,goose,anseriformes
bar_headedgoose,bar-headed_goose,goose,anseriformes
bar-headedgoose,bar-headed_goose,goose,anseriformes
barheadedgoose,bar-headed_goose,goose,anseriformes
barnaclegoose,barnacle_goose,goose,anseriformes
bean_goose,bean_goose,goose,anseriformes
beangoose,bean_goose,goose,anseriformes
black-headedgoose,black-headed_goose,goose,anseriformes
brentgoose,brent_goose,goose,anseriformes
brantaleucopsis,barnacle_goose,goose,anseriformes
brantacanadensis,canada_goose,goose,anseriformes
cacklinggoose,cackling_goose,goose,anseriformes
canada_goose,canada_goose,goose,anseriformes
canadagoose,canada_goose,goose,anseriformes
cygnus_cygnus,whooper_swan,goose,anseriformes
cygnuscygnus,whooper_swan,goose,anseriformes
cignusolor,mute_swan,goose,anseriformes
cygnus_olor,mute_swan,goose,anseriformes
cygnusolor,mute_swan,goose,anseriformes
domesticgoose,goose,goose,anseriformes
embdengoose,embden_goose,goose,anseriformes
greaterwhitefrontedgoose,greater_white-fronted_goose,goose,anseriformes
greygoose,grey_goose,goose,anseriformes
greylaggoose,greylag_goose,goose,anseriformes
graylaggoose,greylag_goose,goose,anseriformes
mute_swan,mute_swan,goose,anseriformes
muteswan,mute_swan,goose,anseriformes
sebastopolgoose,sebastopol_goose,goose,anseriformes
snowgoose,snow_goose,goose,anseriformes
tundraswan,tundra_swan,goose,anseriformes
whitefrontgoose,greater_white-fronted_goose,goose,anseriformes
whitefrontedgoose,greater_white-fronted_goose,goose,anseriformes
whistlingswan,tundra_swan,goose,anseriformes
whooper_swan,whooper_swan,goose,anseriformes
whooperswan,whooper_swan,goose,anseriformes
whoopingswan,whooper_swan,goose,anseriformes
wildgoose,goose,goose,anseriformes
wildgeese,goose,goose,anseriformes
wildswan,swan,swan,anseriformes
bewick's_swan,bewicks_swan,swan,anseriformes
maned_goose,wood_duck,duck,anseriformes
juvenileswan,swan,swan,anseriformes
swan,swan,swan,anseriformes
wild_waterfowl,waterfowl,waterfowl,anseriformes
white-fronted_goose,white-fronted_goose,goose,anseriformes
anas_discors,blue-winged_teal,duck,anseriformes
americanbluewingedteal,american_blue-winged_teal,duck,anseriformes
trumpeterswan,trumpeter_swan,swan,anseriformes
american_green_winged_teal,American_green-winged_teal,duck,anseriformes
americangreen-wingedteal,American_green-winged_teal,duck,anseriformes
american_wigeon,American_wigeon,duck,anseriformes
americanwigeon,American_wigeon,duck,anseriformes
black_swan,black_swan,swan,anseriformes
blackswan,black_swan,swan,anseriformes
bluewingedteal,blue-winged_teal,duck,anseriformes
brantgoose,brant_goose,goose,anseriformes
chiloewigeon,chiloe_wigeon,duck,anseriformes
commoneider,common_eider,duck,anseriformes
commonpochard,common_pochard,duck,anseriformes
eurasianwigeon,Eurasian_wigeon,duck,anseriformes
greenwingedteal,green-winged_teal,duck,anseriformes
gadwall,gadwall,duck,anseriformes
garganey,garganey,duck,anseriformes
hawaiiangoose,hawaiian_goose,goose,anseriformes
anas_clypeata,northern_shoveler,duck,anseriformes
northernshoveler,northern_shoveler,duck,anseriformes
smew,smew,duck,anseriformes
spotbilledduck,spot-billed_duck,duck,anseriformes
spurwingedgoose,spur-winged_goose,goose,anseriformes
whiteeyedpochard,white-eyed_pochard,duck,anseriformes
shoveler,northern_shoveler,duck,anseriformes
anas_strepera,American_black_duck,duck,anseriformes
yellow-billed_pintail,yellow-billed_pintail,duck,anseriformes
anas_cyanoptera,cinnamon_teal,duck,anseriformes
mule_duck,mule_duck,duck,anseriformes
white_peckin_duck,peckin_duck,duck,anseriformes
pink-eared_duck,pink-eared_duck,duck,anseriformes
grey_teal,grey-teal_duck,duck,anseriformes
emperor_goose,emperor_goose,goose,anseriformes
anas_plathyrhynchos,mallard,duck,anseriformes
clangula_hyemalis,long-tailed_duck,duck,anseriformes
red-crested_pochard,red-crested_pochard,duck,anseriformes
velvet_scoter,velvet_scoter,duck,anseriformes
spectacled_eider,spectacled_eider,duck,anseriformes
chestnut_teal,chestnut_teal,duck,anseriformes
anas_rubripes,American_black_duck,duck,anseriformes
anseriformes,waterfowl,waterfowl,anseriformes
aythya_collaris,ring-necked_duck,duck,anseriformes
anas_platyrhynchos_x_anas_acuta,mallard-pintail_hybrid,duck,anseriformes
green-winged_teal(anas_crecca),green-winged_teal,duck,anseriformes
branta_leucopsis,barnacle_goose,goose,anseriformes
anser_cygnoides,swan_goose,goose,anseriformes
oxyura_jamaicensis,ruddy_duck,duck,anseriformes
anser_caerulescens,snow_goose,goose,anseriformes
bucefala_clangula,common_goldeneye,duck,anseriformes
cygnus_columbianus,tundra_swan,swan,anseriformes
lesser_scaup,lesser_scaup,duck,anseriformes
aix_sponsa,wood_duck,duck,anseriformes
anas_sp.,duck,duck,anseriformes
bufflehead,bufflehead,duck,anseriformes
anser_albifrons,Greater_white-fronted_goose,goose,anseriformes
redhead,redhead,duck,anseriformes
black_scoter,black_scoter,duck,anseriformes
common_teal,eurasian_teal,duck,anseriformes
northen_pintail,northern_pintail,duck,anseriformes
mallard-black_duck_hybrid,mallard-black_duck_hybrid,duck,anseriformes
pintail_duck,northern_pintail,duck,anseriformes
widgeon,American_wigeon,duck,anseriformes
longtail_duck,longtail-duck,duck,anseriformes
tadorna_feruginea,Ruddy_shelduck,duck,anseriformes
netta_rufina,red-crested_pochard,duck,anseriformes
anas_georgica,yellow-billed_pintail,duck,anseriformes
american_widgeon,American_wigeon,duck,anseriformes
chen_canagica,emperor_goose,goose,anseriformes
blue_winged-teal,blue-winged_teal,duck,anseriformes
melanitta_nigra,common_scoter,duck,anseriformes
somateria_fischeri,spectacled_eider,eider,anseriformes
domestic_green-winged_teal,domestic_green-winged_teal,duck,anseriformes
bewick_swan,bewicks_swan,swan,anseriformes
tadorna_tadorna,common_shelduck,duck,anseriformes
bucephala_albeola,bufflehead,duck,anseriformes
red_crested_pochard,red-crested_pochard,duck,anseriformes
hooded_merganser,hooded_merganser,duck,anseriformes
swiftlet,swiftlet,swift,apodiformes
exotic_brid,exotic_bird,avian,avian
gh,avian,avian,avian
dk,avian,avian,avian
gf,avian,avian,avian
bird,avian,avian,avian
avian,avian,avian,avian
ck,avian,avian,avian
gf,avian,avian,avian
gs,avian,avian,avian
ph,avian,avian,avian
eg,avian,avian,avian
sck,avian,avian,avian
qa,avian,avian,avian
g.h,avian,avian,avian
aquaticbird,aquatic_bird,aquatic_bird,avian
migratorybird,migratory_bird,avian,avian
mixedwildbirds,mixed_wild_birds,avian,avian
wild_bird,bird,avian,avian
wildbird,bird,avian,avian
wide_bird,avian,avian,avian
other_avian,avian,avian,avian
wild_birds,wild_birds,avian,avian
pet_bird,pet_bird,avian,avian
camel,camel,camel,camel
canis_lupus_familiaris,canine,canine,canine
canine,canine,canine,canine
dog,canine,canine,canine
emu,emu,emu,casuariiformes
calidris_alpina,dunlin,wader,charadriiformes
arctictern,arctic_tern,tern,charadriiformes
black-headedgull,black-headed_gull,gull,charadriiformes
blackheadedgull,black-headed_gull,gull,charadriiformes
blackskimmer,black_skimmer,skimmer,charadriiformes
brownheadedgull,brown-headed_gull,gull,charadriiformes
brown-headedgull,brown-headed_gull,gull,charadriiformes
brown-headgull,brown-headed_gull,gull,charadriiformes
brown_headed_gull,brown-headed_gull,gull,charadriiformes
brown_headedgull,brown-headed_gull,gull,charadriiformes
caspiangull,caspian_gull,gull,charadriiformes
chroicocephalusridibundus,black-headed_gull,gull,charadriiformes
commongull,common_gull,gull,charadriiformes
commontern,common_tern,tern,charadriiformes
condor,condor,raptor,charadriiformes
curlew,curlew,wader,charadriiformes
eurasiancurlew,Eurasian_curlew,wader,charadriiformes
europeanherringgull,European_herring_gull,gull,charadriiformes
graygull,gray_gull,gull,charadriiformes
greatblackbackedgull,great_black-backed_gull,gull,charadriiformes
greatblackheadedgull,great_black-backed_gull,gull,charadriiformes
great_black_headed_gull,black-headed_gull,gull,charadriiformes
greatblack-headedgull,black-headed_gull,gull,charadriiformes
greatblack_headedgull,black-headed_gull,gull,charadriiformes
gull,gull,gull,charadriiformes
herringgull,herring_gull,gull,charadriiformes
knotwader,red_knot,wader,charadriiformes
larusridibundus,black-headed_gull,gull,charadriiformes
larusargentatus,European_herring_gull,gull,charadriiformes
laruscanus,common_gull,gull,charadriiformes
lesserblackbackedgull,lesser_black-backed_gull,gull,charadriiformes
oystercatcher,oystercatcher,wader,charadriiformes
redknot,red_knot,wader,charadriiformes
arenaria_interpres,ruddy_turnstone,wader,charadriiformes
ruddyturnstone,ruddy_turnstone,wader,charadriiformes
sanderling,sanderling,wader,charadriiformes
sandpiper,sandpiper,wader,charadriiformes
sandwichtern,sandwich_tern,tern,charadriiformes
seagull,gull,gull,charadriiformes
shorebird,shorebird,wader,charadriiformes
slatybackedgull,slaty-backed_gull,gull,charadriiformes
slaty-backedgull,slaty-backed_gull,gull,charadriiformes
spur-wingedlapwing,spur-winged_lapwing,lapwing,charadriiformes
stonecurlew,stone_curlew,wader,charadriiformes
thalasseussandvicensis,sandwich_tern,tern,charadriiformes
yellowleggedgull,yellow-legged_gull,gull,charadriiformes
semipalmated_sandpiper,semi-palmated_sandpiper,wader,charadriiformes
american_oystercatcher,american_oystercatcher,wader,charadriiformes
red-necked_stint,red-necked_stint,wader,charadriiformes
larus_hyperboreus,glaucous-winged_gull,gull,charadriiformes
glaucouswingedgull,glaucous-winged_gull,gull,charadriiformes
sooty_tern,sooty_tern,tern,charadriiformes
larus_atricilla,laughing_gull,gull,charadriiformes
calidris_pusilla,semi-palmated_sandpiper,wader,charadriiformes
calidris_alba,sanderling,wader,charadriiformes
calidris_canutus,red_knot,wader,charadriiformes
larus_glaucescens,glaucous-winged_gull,gull,charadriiformes
larus_argentatus,European_herring_gull,gull,charadriiformes
leucophaeus_atricilla,laughing_gull,gull,charadriiformes
turnstone,ruddy_turnstone,wader,charadriiformes
chroicocephalus_ridibundus,black-headed_gull,gull,charadriiformes
pacific_golden_plover,pacific_golden_plover,wader,charadriiformes
glaucous_gull,glaucous-winged_gull,gull,charadriiformes
ciconiaciconia,white_stork,stork,ciconiiformes
marabou_stork,marabou_stork,stork,ciconiiformes
maraboustork,marabou_stork,stork,ciconiiformes
open-billedstork,open-billed_stork,stork,ciconiiformes
open-billstork,open-billed_stork,stork,ciconiiformes
open_bill_stork,open-billed_stork,stork,ciconiiformes
open_billed_stork,open-billed_stork,stork,ciconiiformes
openbill,open-billed_stork,stork,ciconiiformes
openbill_stork,open-billed_stork,stork,ciconiiformes
openbillstork,open-billed_stork,stork,ciconiiformes
open_billstork,open-billed_stork,stork,ciconiiformes
open_billedstork,open-billed_stork,stork,ciconiiformes
stork,stork,stork,ciconiiformes
whitestork,white_stork,stork,ciconiiformes
columbapalumbus,common_wood_pigeon,pigeon,columbiformes
dove,dove,dove,columbiformes
feralpigeon,pigeon,pigeon,columbiformes
littlecuckoo-dove,little_cuckoo-dove,dove,columbiformes
peacefuldove,peaceful_dove,dove,columbiformes
pigeon,pigeon,pigeon,columbiformes
turtle_dove,turtle_dove,dove,columbiformes
turtledove,turtle_dove,dove,columbiformes
rollers,roller,roller,coraciiformes
environment,environment,environment,environmen
equi_2,equine,equine,equine
eq,equine,equine,equine
equus_caballus,equine,equine,equine
horse,equine,equine,equine
equine,equine,equine,equine
equus_ferus_caballus,equine,equine,equine
donkey,donkey,donkey,equine
commonkestrel,common_kestrel,raptor,falconiformes
commonketrel,common_kestrel,raptor,falconiformes
commonkestral,common_kestrel,raptor,falconiformes
falcon,falcon,raptor,falconiformes
falcoperegrinus,peregrine_falcon,raptor,falconiformes
kestrel,kestrel,raptor,falconiformes
lesserkestrel,lesser_kestrel,raptor,falconiformes
peregrine,peregrine_falcon,raptor,falconiformes
peregrine_falcon,peregrine_falcon,raptor,falconiformes
peregrinefalcon,peregrine_falcon,raptor,falconiformes
saker_falcon,saker_falcon,raptor,falconiformes
sakerfalcon,saker_falcon,raptor,falconiformes
cat,feline,feline,feline
felis_catus,feline,feline,feline
feline,feline,feline,feline
ferret,ferret,ferret,ferret
breederchicken,breeder_chicken,chicken,galliformes
broiler,chicken,chicken,galliformes
broilerchicken,chicken,chicken,galliformes
brahmachicken,brahma_chicken,chicken,galliformes
ch,chicken,chicken,galliformes
ck,chicken,chicken,galliformes
chicken,chicken,chicken,galliformes
chiken,chicken,chicken,galliformes
chickenl,chicken,chicken,galliformes
fancychicken,chicken,chicken,galliformes
gallusgallus,chicken,chicken,galliformes
gallus_gallus,chicken,chicken,galliformes
hen,chicken,chicken,galliformes
layinghen,chicken,chicken,galliformes
layer,chicken,chicken,galliformes
layerchicken,chicken,chicken,galliformes
rooster,rooster,chicken,galliformes
silkiechicken,silkie_chicken,chicken,galliformes
silkychicken,silkie_chicken,chicken,galliformes
village_chicken,chicken,chicken,galliformes
villagechicken,chicken,chicken,galliformes
bantam,bantam,fowl,galliformes
bronzeturkey,bronze_turkey,turkey,galliformes
commonpheasant,common_pheasant,pheasant,galliformes
domesticturkey,turkey,turkey,galliformes
domesticturkey,turkey,turkey,galliformes
fowl,fowl,fowl,galliformes
goldenpheasant,golden_pheasant,pheasant,galliformes
greenpeafowl,green_peafowl,peafowl,galliformes
guinea_fowl,guinea_fowl,guinea_fowl,galliformes
guineafowl,guinea_fowl,guinea_fowl,galliformes
kalijpheasant,kalij_pheasant,pheasant,galliformes
kaljipheasant,kalij_pheasant,pheasant,galliformes
peafowl,peafowl,peafowl,galliformes
pheasant,pheasant,pheasant,galliformes
phasianuscolchicus,common_pheasant,pheasant,galliformes
quail,quail,quail,galliformes
qu,quail,quail,galliformes
silverpheasant,silver_pheasant,pheasant,galliformes
turkey,turkey,turkey,galliformes
whitepeafowl,white_peafowl,peafowl,galliformes
wildfowl,fowl,fowl,galliformes
chukar,chukar,partridge,galliformes
chukkar,chukar,partridge,galliformes
meleagrisgallopavo,wild_turkey,turkey,galliformes
korean_native_chicken,korean_native_chicken,chicken,galliformes
partridge,partridge,partridge,galliformes
peacock,peacock,peafowl,galliformes
wildturkey,wild_turkey,turkey,galliformes
wild_chicken,chicken,chicken,galliformes
korean_native_chicken,korean_native_chicken,chicken,galliformes
coturnix,quail,quail,galliformes
waterchicken,common_moorhen,moorhen,gruiformes
commoncoot,common_coot,coot,gruiformes
commoncrane,common_crane,crane,gruiformes
coot,coot,coot,gruiformes
crane,crane,crane,gruiformes
Eurasian_coot,Eurasian_coot,coot,gruiformes
gray-crowedcrane,grey_crowned_crane,crane,gruiformes
hooded_crane,hooded_crane,crane,gruiformes
hoodedcrane,hooded_crane,crane,gruiformes
moorhen,moorhen,moorhen,gruiformes
redcrownedcrane,red-crowned_crane,crane,gruiformes
watercock,watercock,watercock,gruiformes
red-gartered_coot,red-gartered_coot,coot,gruiformes
american_coot,american_coot,coot,gruiformes
red-fronted_coot,red-fronted_coot,coot,gruiformes
mink,mink,mink,mink
hoabara,houbara_bustard,bustard,otidiformes
houbarabustard,houbara_bustard,bustard,otidiformes
nightingale,nightingale,passerine,passeriformes
americancrow,american_crow,passerine,passeriformes
babbler,Old_World_babbler,passerine,passeriformes
barn_swallow,barn_swallow,passerine,passeriformes
barnswallow,barn_swallow,passerine,passeriformes
blackbird,common_blackbird,passerine,passeriformes
blackbulbul,black_bulbul,passerine,passeriformes
bluemagpie,blue_magpie,magpie,passeriformes
ccrow,crow,crow,passeriformes
crow,crow,crow,passeriformes
chestnutmunia,chestnut_munia,finch,passeriformes
commonmagpie,common_green_magpie,passerine,passeriformes
commonmyna,common_myna,passerine,passeriformes
commonraven,common_raven,passerine,passeriformes
crestedmyna,crested_myna,passerine,passeriformes
daurianstarling,daurian_starling,passerine,passeriformes
finch,finch,passerine,passeriformes
goldenmountainthrush,golden_mountain_thrush,passerine,passeriformes
greattit,great_tit,passerine,passeriformes
hill_myna,common_hill_myna,passerine,passeriformes
hillmyna,common_hill_myna,passerine,passeriformes
housecrow,house_crow,crow,passeriformes
housesparrow,house_sparrow,passerine,passeriformes
japanese_white_eye,Japanese_white-eye,passerine,passeriformes
japanesewhite-eye,Japanese_white-eye,passerine,passeriformes
japanesewhiteeye,Japanese_white-eye,passerine,passeriformes
junglecrow,jungle_crow,passerine,passeriformes
large-billedcrow,large-billed_crow,passerine,passeriformes
largebilledcrow,large-billed_crow,passerine,passeriformes
large_billedcrow,large-billed_crow,passerine,passeriformes
long-tailedshrike,long-tailed_shrike,passerine,passeriformes
magpie,magpie,passerine,passeriformes
magpie_robin,Oriental_magpie-robin,passerine,passeriformes
magpierobin,magpie-robin,passerine,passeriformes
munia,munia,passerine,passeriformes
mynah,myna,passerine,passeriformes
mynas,myna,passerine,passeriformes
orientalmagpierobin,Oriental_magpie-robin,passerine,passeriformes
pied_megpie,Australian_magpie,passerine,passeriformes
piedmegpie,Australian_magpie,passerine,passeriformes
red-billedstarling,read-breasted_starling,passerine,passeriformes
robin,robin,passerine,passeriformes
rook,rook,passerine,passeriformes
scaly-breastedmunia,scaly-breasted_munia,passerine,passeriformes
shrike,shrike,passerine,passeriformes
silver-earedmesia,silver-eared_mesia,passerine,passeriformes
silverearedmesia,silver-eared_mesia,passerine,passeriformes
songthrush,song_thrush,passerine,passeriformes
sparrow,sparrow,passerine,passeriformes
starling,starling,starling,passeriformes
swallow,swallow,swallow,passeriformes
tree_sparrow,tree_sparrow,passerine,passeriformes
treesparrow,tree_sparrow,passerine,passeriformes
whitebackedmunia,white-backed_munia,passerine,passeriformes
white-backedmunia,white-backed_munia,passerine,passeriformes
corvus_frugilegus,rook,passerine,passeriformes
americanpelican,american_pelican,pelican,pelecaniformes
ardeacinerea,Grey_heron,heron,pelecaniformes
ardeacinera,Grey_heron,heron,pelecaniformes
black-crownednightheron,Black-crowned_night_heron,heron,pelecaniformes
black_crowned_night_heron,Black-crowned_night_heron,heron,pelecaniformes
cattleegret,cattle_egret,heron,pelecaniformes
chinesepondheron,Chinese_pond_heron,heron,pelecaniformes
dalmatianpelican,dalmatian_pelican,pelican,pelecaniformes
egret,egret,heron,pelecaniformes
egrettagarzetta,little_egret,heron,pelecaniformes
eurasianspoonbill,Eurasian_spoonbill,spoonbill,pelecaniformes
grayheron,grey_heron,heron,pelecaniformes
great_egret,great_egret,heron,pelecaniformes
greategret,great_egret,heron,pelecaniformes
greatwhitepelican,great_white_pelican,pelican,pelecaniformes
greenheron,green_heron,heron,pelecaniformes
grey_heron,grey_heron,heron,pelecaniformes
greyheron,grey_heron,heron,pelecaniformes
heron,heron,heron,pelecaniformes
little_egret,little_egret,heron,pelecaniformes
littleegret,little_egret,heron,pelecaniformes
open-billibis,open-billed_ibis,ibis,pelecaniformes
pelican,pelican,pelican,pelecaniformes
pelecanuscrispus,Dalmatian_pelican,pelican,pelecaniformes
pelecanusconspicillatus,Australian_pelican,pelican,pelecaniformes
Peruvian_pelican,Peruvian_pelican,pelican,pelecaniformes
peruvian_pelican,Peruvian_pelican,pelican,pelecaniformes
greatbarbet,great_barbet,barbet,piciformes
black-neckedgrebe,black-necked_grebe,grebe,podicipediformes
blackneckedgrebe,black-necked_grebe,grebe,podicipediformes
earedgrebe,black-necked_grebe,grebe,podicipediformes
great_created_grebe,great_crested_grebe,grebe,podicipediformes
great_crested_grebe,great_crested_grebe,grebe,podicipediformes
greatcrested-grebe,great_crested_grebe,grebe,podicipediformes
greatcrestedgrebe,great_crested_grebe,grebe,podicipediformes
greatdrestedgrebe,great_crested_grebe,grebe,podicipediformes
grebe,grebe,grebe,podicipediformes
little_grebe,little_grebe,grebe,podicipediformes
littlegrebe,little_grebe,grebe,podicipediformes
tachybaptusruficollis,little_grebe,grebe,podicipediformes
red-necked_grebe,red-necked_grebe,grebe,podicipediformes
wedge-tailed_shearwater,shearwater,shearwater,procellariiformes
psittacine,parrot,parrot,psittaciformes
rhea,rhea,rhea,rheiformes
harbor_seal,harbor_seal,seal,seal
seal,seal,seal,seal
eagleowl,Eurasian_eagle-owl,owl,strigiformes
eurasian_eagle_owl,Eurasian_eagle-owl,owl,strigiformes
eurasianeagleowl,Eurasian_eagle-owl,owl,strigiformes
eurasianeagelowl,Eurasian_eagle-owl,owl,strigiformes
greathornedowl,great_horned_owl,owl,strigiformes
littleowl,little_owl,owl,strigiformes
otusscops,Eurasian_scops_owl,owl,strigiformes
owl,owl,owl,strigiformes
snowyowl,snowy_owl,owl,strigiformes
ostrich,ostrich,ostrich,struthioniformes
cormorant,cormorant,cormorant,suliformes
doublecrestedcormorant,double-crested_cormorant,cormorant,suliformes
great_cormorant,great_cormorant,cormorant,suliformes
greatcormorant,great_cormorant,cormorant,suliformes
morusbassanus,northern_gannet,gannet,suliformes
neotropiccormorant,neotropic_cormorant,cormorant,suliformes
northerngannet,northern_gannet,gannet,suliformes
notherngannet,northern_gannet,gannet,suliformes
phalacrocorax,phalacrocorax,cormorant,suliformes
phalacrocoraxcarbo,great_cormorant,cormorant,suliformes
finistere,swine,swine,swine
sus_scrofa_domesticus,swine,swine,swine
sus_scrofa_scrofa,swine,swine,swine
sus_scrofa,swine,swine,swine
pig,swine,swine,swine
sw,swine,swine,swine
wild_boar,swine,swine,swine
swine,swine,swine,swine
ladyamherstspheasant,ladyamherstspheasant,pheasant,galliformes
roughleggedhawk,roughleggedhawk,hawk,accipitriformes
barredowl,barredowl,owl,strigiformes
greatblueheron,greatblueheron,heron,pelecaniformes
lessersnowgoose,lessersnowgoose,goose,anseriformes
chineseringneckpheasant,chineseringneckpheasant,pheasant,galliformes
capeteal,capeteal,duck,anseriformes
egyptiangoose,egyptiangoose,goose,anseriformes
redbreastedmerganser,redbreastedmerganser,duck,anseriformes
americanwhitepelican,americanwhitepelican,pelican,pelecaniformes
northwesterncrow,northwesterncrow,crow,passeriformes
barnowl,barnowl,owl,strigiformes