strain_host	corrected_host	latin_name	category	order	domesticstatus	source
?anserbrachyrhynchus	pinkfootedgoose	Anser brachyrhynchus	goose	anseriformes	wild	jordan,clara_global
American_Pekin_duck	American_Pekin_duck		duck	anseriformes		clara_birds
Eurasian_coot	Eurasian_coot		coot	gruiformes		clara_birds
Peruvian_pelican	Peruvian_pelican		pelican	pelecaniformes		clara_birds
aalopochenaegyptiaca	egyptiangoose	Alopochen aegyptiaca	goose	anseriformes	wild	jordan,clara_global
african_goose	african_goose		goose	anseriformes		clara_birds
africanbarnowl						jordan
africanblackoystercatcher						jordan
africancrownedcrane	africancrownedcrane	Balearica regulorum	crane	gruiformes	unknown	clara_nam
africanfisheagle						jordan
africangoose	africangoose	Anser cygnoides domesticus	goose	anseriformes	unknown	clara_nam,clara_birds,clara_global
africanoystercatcher						jordan
africanpenguin	africanpenguin	Spheniscus demersus		sphenisciformes	unknown	jordan
aix_sponsa	wood_duck	Aix sponsa	duck	anseriformes		clara_birds
amazonparrot	amazonparrot	Amazona	parrot	psittaciformes	unknown	clara_nam,clara_global
american_coot	american_coot		coot	gruiformes		clara_birds
american_green_winged_teal	American_green-winged_teal		duck	anseriformes		clara_birds
american_oystercatcher	american_oystercatcher		wader	charadriiformes		clara_birds
american_widgeon	American_wigeon		duck	anseriformes		clara_birds
american_wigeon	American_wigeon		duck	anseriformes		clara_birds
americanblackduck	americanblackduck	Anas rubripes	duck	anseriformes	wild	clara_nam,clara_birds,clara_global
americanbluewingedteal	bluewingedteal	Spatula discors	duck	anseriformes	wild	clara_nam,clara_birds
americanbuffgoose	americanbuffgoose	Anser anser domesticus	goose	anseriformes	domestic	clara_nam,clara_birds,clara_global
americancoot	americancoot	Fulica americana	crane	gruiformes	wild	clara_nam,clara_global
americancrow	americancrow	Corvus brachyrhynchos	passerine	passeriformes	wild	clara_nam,clara_birds,clara_global
americangoshawk	americangoshawk	Astur atricapillus	raptor	accipitriformes	wild	clara_nam
americangreen-wingedteal	American_green-winged_teal		duck	anseriformes		clara_birds
americangreen_wingedteal	green-winged_teal		duck	anseriformes		clara_birds
americangreenwingedteal	greenwingedteal	Anas carolinensis	duck	anseriformes	wild	clara_nam,clara_global
americankestrel	americankestrel	Falco sparverius	raptor	falconiformes	wild	clara_nam,clara_global
americanpelican	americanwhitepelican	Pelecanus erythrorhynchos	pelican	pelecaniformes	wild	clara_nam,clara_birds,clara_global
americanraven	commonraven	Corvus corax 	passerine	passeriformes	wild	clara_nam,clara_global
americanrobin	americanrobin	Turdus migratorius	passerine	passeriformes	wild	clara_nam,clara_global
americanwhitepelican	americanwhitepelican	Pelecanus erythrorhynchos	pelican	pelecaniformes	wild	clara_nam,clara_birds,clara_global
americanwidgeon	americanwigeon	Mareca americana	duck	anseriformes	wild	jordan
americanwigeon	americanwigeon	Mareca americana	duck	anseriformes	wild	clara_nam,clara_birds,clara_global
americanwoodcock						jordan
americanwoodstork	americanwoodstork	Mycteria americana	wader	ciconiiformes	wild	clara_nam
anade	duck			unknown	unknown	jordan,clara_global
anas_acuta	Northern_pintail	Anas acuta	duck	anseriformes		clara_birds
anas_americana	American_wigeon	Mareca americana	duck	anseriformes		clara_birds
anas_carolinensis	green-winged_teal	Anas carolinensis	duck	anseriformes		clara_birds
anas_clypeata	northern_shoveler	Spatula clypeata	duck	anseriformes		clara_birds
anas_crecca	green-winged_teal		duck	anseriformes		clara_birds
anas_cyanoptera	cinnamon_teal		duck	anseriformes		clara_birds
anas_discors	blue-winged_teal		duck	anseriformes		clara_birds
anas_georgica	yellow-billed_pintail		duck	anseriformes		clara_birds
anas_plathyrhynchos	mallard		duck	anseriformes		clara_birds
anas_platyrhynchos	mallard	Anas platyrhynchos	duck	anseriformes		clara_birds
anas_platyrhynchos_var._domesticus	domestic_mallard		duck	anseriformes		clara_birds
anas_platyrhynchos_x_anas_acuta	mallard-pintail_hybrid		duck	anseriformes		clara_birds
anas_querquedula	gargeny		duck	anseriformes		clara_birds
anas_rubripes	American_black_duck		duck	anseriformes		clara_birds
anas_sp.	duck		duck	anseriformes		clara_birds
anas_strepera	American_black_duck	Anas rubripes	duck	anseriformes		clara_birds
anascrecca						jordan
anaspenelope	eurasianwigeon	Mareca penelope	duck	anseriformes	wild	clara_global
anasplatyrhynchos	mallard	Anas platyrhynchos	duck	anseriformes	wild	clara_nam,clara_birds,clara_global
anasplatyrhynchosdomestica	domestic_duck	Anas platyrhynchos	duck	anseriformes	domestic	clara_birds,jordan,clara_global
anasplatyrhynchosdomesticus	domestic_duck	Anas platyrhynchos	duck	anseriformes	domestic	clara_birds,jordan,clara_global
anatinae	wildduck	Anatidae	duck	anseriformes	wild	clara_nam
animal	animal		animal	animal		clara_birds
anser						jordan
anser_albifrons	Greater_white-fronted_goose		goose	anseriformes		clara_birds
anser_caerulescens	snow_goose		goose	anseriformes		clara_birds
anser_cygnoides	swan_goose		goose	anseriformes		clara_birds
anser_fabalis	bean_goose		goose	anseriformes		clara_birds
anseralbifrons	greater_white-fronted_goose	Anser albifrons	goose	anseriformes	wild	clara_birds,clara_global
anseranser	greylag_goose	Anser anser	goose	anseriformes	unknown	clara_birds,clara_global
anseranserdomesticus	domestic_goose	Anser anser	goose	anseriformes	domestic	clara_birds,clara_global
anserbrachyrhynchus	pink-footed_goose		goose	anseriformes		clara_birds,jordan
anserbrachyrhynchusanseranser	multispecies				unknown	jordan
ansercygnoides	swan_goose		goose	anseriformes		clara_birds
anserfabalis						jordan
anseriformes	waterfowl		waterfowl	anseriformes		clara_birds
anseriformes_sp.	avian		avian	anseriformes		clara_birds
anserindicus						jordan
antarctictern						jordan
aquaticbird	aquatic_bird		aquatic_bird	avian	unknown	clara_birds,jordan
aquilafasciata						jordan
arctictern	arctictern	Sterna paradisaea	tern	charadriiformes	wild	clara_nam,clara_birds,clara_global
ardeaalba						jordan
ardeacinera	Grey_heron		heron	pelecaniformes		clara_birds
ardeacinerea	Grey_heron	Ardea cinerea	heron	pelecaniformes	wild	clara_birds,clara_global
arenaria_interpres	ruddy_turnstone	Arenaria interpres	wader	charadriiformes		clara_birds
armeniangull						jordan
artictern	arctictern	Sterna paradisaea	tern	charadriiformes	wild	jordan,clara_global
asianopenbill						jordan
atlanticpuffin	atlanticpuffin	Fratercula arctica	seabird	charadriiformes	wild	clara_nam
audouinsgull						jordan
australianbrushturkey	australianbrushturkey	Alectura lathami	turkey	galliformes	unknown	jordan,clara_global
aves	aves			unknown	unknown	clara_nam,clara_global
avian	avian		avian	unknown	unknown	clara_nam,clara_birds,clara_global
aythya_collaris	ring-necked_duck		duck	anseriformes		clara_birds
aythyafuligula	tufted_duck	Aythya fuligula	duck	anseriformes	wild	clara_birds,jordan,clara_global
babbler	Old_World_babbler		passerine	passeriformes		clara_birds
backheadedgull						jordan
backyardbird	backyardbird			unknown	domestic	clara_nam,clara_global
backyardchicken	chicken	Gallus gallus	chicken	galliformes	domestic	jordan,clara_global
backyardduck	backyardduck		duck	anseriformes	domestic	jordan,clara_global
backyardpoultry						jordan
backyardturkey	backyardturkey		turkey	galliformes	domestic	jordan,clara_global
baerspochard	baerspochard	Aythya baeri	duck	anseriformes	unknown	clara_nam
baikalteal	baikalteal	Sibirionetta formosa	duck	anseriformes	wild	clara_nam,clara_birds,clara_global
baldeagle	baldeagle	Haliaeetus leucocephalus	raptor	accipitriformes	wild	clara_nam,clara_birds,clara_global
bandtailedgull	belchergull	Larus belcheri	gull	charadriiformes	wild	jordan,clara_global
bantam	bantam		fowl	galliformes		clara_birds
bar-headed_goose_(anser_indicus)	bar-headed_goose		goose	anseriformes		clara_birds
bar-headedgoose	bar-headed_goose		goose	anseriformes		clara_birds
bar_headed_goose	bar-headed_goose		goose	anseriformes		clara_birds
bar_headedgoose	bar-headed_goose		goose	anseriformes		clara_birds
barheadedgoose	barheadedgoose	Anser indicus	goose	anseriformes	wild	clara_nam,clara_birds,clara_global
barn_swallow	barn_swallow		passerine	passeriformes		clara_birds
barnaclegoose	barnacle_goose	Branta leucopsis	goose	anseriformes	wild	clara_birds,clara_global
barnowl	barnowl	Tyto alba	owl	strigiformes	wild	clara_nam,clara_birds,clara_global
barnswallow	barnswallow	Hirundo rustica	passerine	passeriformes	wild	clara_nam,clara_birds
barredowl	barredowl	Strix varia	owl	strigiformes	wild	clara_nam,clara_birds,clara_global
barrowsgoldeneye	barrowsgoldeneye	Bucephala islandica	duck	anseriformes	wild	clara_nam,clara_global
bean_goose	bean_goose		goose	anseriformes		clara_birds
beangoose	bean_goose	Anser fabalis/serrirostris	goose	anseriformes	wild	clara_birds,clara_global
beardedvulture	bearded_vulture	Gypaetus barbatus	raptor	accipitriformes	wild	clara_birds,jordan,clara_global
belchergull	belchergull	Larus belcheri	gull	charadriiformes	wild	jordan,clara_global
bewick's_swan	bewicks_swan		swan	anseriformes		clara_birds
bewick_swan	bewicks_swan		swan	anseriformes		clara_birds
bewicksswan						jordan
bird	avian		avian	avian		clara_birds
bkswan						jordan
blachheadedgull	blackheadedgull	Chroicocephalus ridibundus	gull	charadriiformes	wild	jordan
black-crownednightheron	Black-crowned_night_heron		heron	pelecaniformes		clara_birds
black-headedgoose	black-headed_goose		goose	anseriformes		clara_birds
black-headedgull	black-headed_gull		gull	charadriiformes		clara_birds
black-neckedgrebe	black-necked_grebe		grebe	podicipediformes		clara_birds
black_crowned_night_heron	Black-crowned_night_heron		heron	pelecaniformes		clara_birds
black_duck	American_black_duck		duck	anseriformes		clara_birds
black_scoter	black_scoter		duck	anseriformes		clara_birds
black_swan	black_swan		swan	anseriformes		clara_birds
blackbackedgull	blackbackedgull		gull	charadriiformes	wild	jordan,clara_global
blackbelliedplover	blackbelliedplover	Pluvialis squatarola	wader	charadriiformes	wild	clara_nam
blackbelliedwhistlingduck						jordan
blackbilledmagpie	blackbilledmagpie	Pica hudsonia	passerine	passeriformes	wild	clara_nam,clara_global
blackbird	blackbird	Turdus merula	passerine	passeriformes	wild	clara_nam,clara_birds,clara_global
blackbrant	blackbrant	Branta bernicla nigricans	goose	anseriformes	wild	clara_nam,clara_global
blackbulbul	black_bulbul		passerine	passeriformes		clara_birds
blackchicken						jordan
blackcrownednightheron	blackcrownednightheron	Nycticorax nycticorax	heron	pelecaniformes	wild	clara_nam,clara_global
blackduck	American_black_duck		duck	anseriformes		clara_birds
blackfacedspoonbill	blackfacedspoonbill	Platalea minor	wader	pelecaniformes	wild	jordan,clara_global
blackheadeadgull	blackheadedgull	Chroicocephalus ridibundus	gull	charadriiformes	wild	jordan,clara_global
blackheadedgull	black-headed_gull	Chroicocephalus ridibundus	gull	charadriiformes	wild	clara_birds,clara_global
blackheadedheron						jordan
blackleggedkitiwake						jordan
blackleggedkittiwake	blackleggedkittiwake	Rissa tridactyla	gull	charadriiformes	wild	clara_nam,clara_global
blackneckcrane						jordan
blackneckedgrebe	black-necked_grebe		grebe	podicipediformes		clara_birds
blackneckedswan	blackneckswan	Cygnus melancoryphus	swan	anseriformes	unknown	jordan,clara_global
blackneckswan	blackneckswan	Cygnus melancoryphus	swan	anseriformes	unknown	clara_nam
blacknestedgrebe	black-necked_grebe		duck	anseriformes		clara_birds
blackscoter	blackscoter	Melanitta americana	duck	anseriformes	wild	clara_nam,clara_global
blackskimmer	blackskimmer	Rynchops niger	seabird	charadriiformes	wild	clara_nam,clara_birds,clara_global
blackswan	blackswan	Cygnus atratus	swan	anseriformes	wild	clara_nam,clara_birds,clara_global
blackswift	blackswift	Cypseloides niger	swift	apodiformes	wild	clara_nam,clara_global
blackthroatedcrane	blackneckedcrane	Grus nigricollis	crane	gruiformes	wild 	jordan,clara_global
blackturnstone	blackturnstone	Arenaria melanocephala	wader	charadriiformes	wild	clara_nam,clara_global
blackvulture	blackvulture	Coragyps atratus	raptor	accipitriformes	wild	clara_nam,clara_birds,clara_global
blhgull						jordan
blue_winged-teal	blue-winged_teal		duck	anseriformes		clara_birds
bluebird						jordan
bluecrane						jordan
bluegoose						jordan
bluejay	bluejay	Cyanocitta cristata	passerine	passeriformes	wild	clara_nam,clara_global
bluemagpie	blue_magpie		magpie	passeriformes		clara_birds
bluewingedteal	bluewingedteal	Spatula discors	duck	anseriformes	wild	clara_nam,clara_birds,clara_global
bonapartesgull	bonapartesgull	Chroicocephalus philadelphia	gull	charadriiformes	wild	clara_nam,clara_global
brahmachicken	brahma_chicken		chicken	galliformes		clara_birds,jordan
brandtgoose	brant	Branta bernicla	goose	anseriformes	wild	clara_nam
brant	brant	Branta bernicla	goose	anseriformes	wild	clara_nam,clara_global
branta_leucopsis	barnacle_goose		goose	anseriformes		clara_birds
brantacanadensis	canada_goose	Branta canadensis	goose	anseriformes	wild	clara_birds,jordan,clara_global
brantaleucopsis	barnacle_goose	Branta leucopsis	goose	anseriformes	wild	clara_birds,clara_global
brantgoose	brant_goose	Branta bernicla	goose	anseriformes	wild	clara_birds,jordan,clara_global
brazilianteal	brazilianteal	Amazonetta brasiliensis	duck	anseriformes	unknown	clara_nam
breederchicken	breeder_chicken	Gallus gallus	chicken	galliformes	domestic	clara_birds,jordan
breederduck	breeder_duck		duck	anseriformes	domestic	clara_birds,jordan
brentgoose	brent_goose	Branta bernicla	goose	anseriformes	wild	clara_birds,clara_global
brewersblackbird	brewersblackbird	Euphagus cyanocephalus	passerine	passeriformes	wild	clara_nam
broadwingedhawk	broadwingedhawk	Buteo platypterus	raptor	accipitriformes	wild	clara_nam,clara_global
broildrduck	domesticduck		duck	anseriformes	domestic	jordan
broiler	chicken	Gallus gallus	chicken	galliformes	domestic	clara_birds,clara_global
broilerbreederschicken	chicken	Gallus gallus	chicken	galliformes	domestic	clara_nam,clara_global
broilerchicken	chicken	Gallus gallus	chicken	galliformes	domestic	clara_nam,clara_birds,clara_global
broilerduck	broiler_duck		duck	anseriformes	domestic	clara_birds,jordan
bronzeturkey	bronze_turkey		turkey	galliformes		clara_birds,jordan
brown-headedgull	brown-headed_gull		gull	charadriiformes		clara_birds
brown-headgull	brown-headed_gull		gull	charadriiformes		clara_birds
brown_headed_gull	brown-headed_gull		gull	charadriiformes		clara_birds
brown_headedgull	brown-headed_gull		gull	charadriiformes		clara_birds
brownbooby	brownbooby	Sula leucogaster	seabird	suliformes	wild	jordan,clara_global
brownheadedgull	brown-headed_gull	Chroicocephalus brunnicephalus	gull	charadriiformes	wild	clara_birds,clara_global
brownpelican	brownpelican	Pelecanus occidentalis	pelican	pelecaniformes	wild	clara_nam,clara_global
brownskua	brownskua	Stercorarius antarcticus	seabird	charadriiformes	wild	jordan
bubobubo	eagleowl	Bubo bubo	raptor	accipitriformes	wild	jordan,clara_global
bucefala_clangula	common_goldeneye		duck	anseriformes		clara_birds
bucephala_albeola	bufflehead		duck	anseriformes		clara_birds
bufflehead	bufflehead	Bucephala albeola	duck	anseriformes	wild	clara_nam,clara_birds,clara_global
buffleheadduck	bufflehead	Bucephala albeola	duck	anseriformes	wild	jordan,clara_global
buffneckedibis						jordan
bufforpingtonchicken						jordan
bulbul						jordan
burrowingowl						jordan
buteobuteo	common_buzzard	Buteo buteo	raptor	accipitriformes	wild	clara_birds,clara_global
buzzard	buzzard		raptor	accipitriformes	wild	clara_birds,clara_global
cacklinggoose	cacklinggoose	Branta hutchinsii	goose	anseriformes	wild	clara_nam,clara_birds,clara_global
cairina_moschata	Muscovy_duck	Cairina moschata	duck	anseriformes		clara_birds
cairinamoschata	muscovyduck	Cairina moschata	duck	anseriformes	unknown	jordan,clara_global
calidris_alba	sanderling		wader	charadriiformes		clara_birds
calidris_alpina	dunlin		wader	charadriiformes		clara_birds
calidris_canutus	red_knot		wader	charadriiformes		clara_birds
calidris_pusilla	semi-palmated_sandpiper		wader	charadriiformes		clara_birds
calidrisalba	sanderling	Calidris alba	wader	charadriiformes	wild	jordan,clara_global
californiacondor	californiacondor	Gymnogyps californianus	raptor	accipitriformes	wild	clara_nam,clara_global
californiagull	californiagull	Larus californicus	gull	charadriiformes	wild	clara_nam,clara_global
camel	camel		camel	camel		clara_birds
canada_goose	canada_goose		goose	anseriformes		clara_birds
canadagoose	canadagoose	Branta canadensis	goose	anseriformes	wild	clara_nam,clara_birds,clara_global
canine	canine		canine	canine		clara_birds
canis_lupus_familiaris	canine		canine	canine		clara_birds
canvasback	canvasback	Aythya valisineria	duck	anseriformes	wild	clara_nam
capebarrengoose						jordan
capecormorant	capecormorant	Phalacrocorax capensis	seabird	suliformes	wild	jordan
capegannet						jordan
capeteal	capeteal	Anas capensis	duck	anseriformes	unknown	clara_nam,clara_birds,clara_global
captivegoose						jordan
carolinaduck	woodduck	Aix sponsa	duck	anseriformes	wild	jordan,clara_global
carrioncrow	carrioncrow	Corvus corone	passerine	passeriformes	wild	jordan,clara_global
cascadeduck	cascadeduck		duck	anseriformes	domestic	clara_nam,clara_birds,clara_global
caspiangull	caspian_gull	Larus cachinnans	gull	charadriiformes	wild	clara_birds,clara_global
caspiantern	caspiantern	Hydroprogne caspia	tern	charadriiformes	wild	clara_nam,clara_global
cat	feline		feline	carnivora		clara_birds
catalinamacaw	catalinamacaw	Ara ararauna or Ara macao	parrot	psittaciformes	unknown	clara_nam,clara_global
cattleegret	cattleegret	Ardea ibis	wader	pelecaniformes	wild	clara_nam,clara_birds
ccrow	crow		crow	passeriformes		clara_birds
cgull						jordan
ch	chicken		chicken	galliformes		clara_birds
chciken						jordan
chen_canagica	emperor_goose		goose	anseriformes		clara_birds
chestnut_teal	chestnut_teal		duck	anseriformes		clara_birds
chestnutmunia	chestnut_munia		finch	passeriformes		clara_birds
chestnutteal						jordan
chichen	chicken	Gallus gallus	chicken	galliformes	domestic	jordan,clara_global
chick						jordan
chicken	chicken	Gallus gallus	chicken	galliformes	domestic	clara_nam,clara_birds,clara_global
chickencobb						jordan
chickenl	chicken		chicken	galliformes		clara_birds,jordan
chiken	chicken	Gallus gallus	chicken	galliformes	domestic	clara_birds,clara_global
chileanflamingo	chileanflamingo	Phoenicopterus chilensis	wader	phoenicopteriformes	unknown	clara_nam
chiloewigeon	chiloe_wigeon		duck	anseriformes		clara_birds,jordan
chinesepondheron	Chinese_pond_heron		heron	pelecaniformes		clara_birds
chineseringneckpheasant	ringneckpheasant	Phasianus colchicus	pheasant	galliformes	wild	clara_nam,clara_birds,clara_global
chinstrappenguin						jordan
chlidoniashybrida						jordan
chroicocephalus_ridibundus	black-headed_gull		gull	charadriiformes		clara_birds
chroicocephalusridibundus	black-headed_gull	Chroicocephalus ridibundus	gull	charadriiformes	wild	clara_birds,jordan,clara_global
chukar	chukar		partridge	galliformes		clara_birds
chukkar	chukar		partridge	galliformes		clara_birds,jordan
ciconiaciconia	white_stork	Ciconia ciconia	stork	ciconiiformes	wild	clara_birds,clara_global
cignusolor	mute_swan	Cygnus olor	goose	anseriformes	wild	clara_birds,clara_global
cinereousvulture	cinereous_vulture	Aegypius monachus	raptor	accipitriformes		clara_birds
cinnamonteal	cinnamonteal	Spatula cyanoptera	duck	anseriformes	wild	clara_nam,clara_global
ck	chicken		chicken	galliformes		clara_birds
clangula_hyemalis	long-tailed_duck		duck	anseriformes		clara_birds
cloacalswabece1						jordan
columbapalumbus	common_wood_pigeon	Columba palumbus	pigeon	columbiformes	wild	clara_birds,jordan,clara_global
commercialchicken						jordan
commomteal						jordan
common_goldeneye	common_goldeneye	Bucephala clangula	duck	anseriformes		clara_birds
common_pochard	common_pochard		duck	anseriformes		clara_birds
common_shelduck	common_shelduck		duck	anseriformes		clara_birds
common_teal	eurasian_teal		duck	anseriformes		clara_birds
commonbarnowl	barnowl	Tyto alba	owl	strigiformes	wild	clara_nam,clara_global
commonbussard	common_buzzard		passerine	accipitriformes		clara_birds
commonbuzzard	common_buzzard	Buteo buteo	passerine	accipitriformes	wild	clara_birds,clara_global
commoncoot	common_coot	Fulica atra	coot	gruiformes	wild	clara_birds,clara_global
commoncormorant	greatcormorant	Phalacrocorax carbo	seabird	suliformes	wild	jordan
commoncrane	common_crane	Grus grus	crane	gruiformes	wild	clara_birds,clara_global
commoneider	commoneider	Somateria mollissima	duck	anseriformes	wild	clara_nam,clara_birds,clara_global
commoneiders	commoneider	Somateria mollissima	duck	anseriformes	wild	clara_nam,clara_global
commongoldeneye	commongoldeneye	Bucephala clangula	duck	anseriformes	wild	clara_nam,clara_birds,clara_global
commongrackle	commongrackle	Quiscalus quiscula	passerine	passeriformes	wild	clara_nam,clara_global
commongull	common_gull	Larus canus	gull	charadriiformes		clara_birds,clara_global
commonkestel						jordan
commonkestral	common_kestrel		raptor	falconiformes		clara_birds
commonkestrel	common_kestrel	Falco tinnunculus	raptor	falconiformes		clara_birds,clara_global
commonketrel	common_kestrel		raptor	falconiformes		clara_birds
commonkingfisher						jordan
commonloon	commonloon	Gavia immer	duck	gaviiformes	wild	clara_nam,clara_global
commonmagpie	common_green_magpie		passerine	passeriformes		clara_birds
commonmerganser	commonmerganser	Mergus merganser	duck	anseriformes	wild 	clara_nam
commonmoorhen						jordan
commonmurre	commonmurre	Uria aalge	gull	charadriiformes	wild	clara_nam,clara_global
commonmyna	common_myna		passerine	passeriformes		clara_birds
commonpheasant	common_pheasant	Phasianus colchicus	pheasant	galliformes	wild	clara_birds,clara_global
commonpochard	common_pochard		duck	anseriformes		clara_birds
commonporchard						jordan
commonquail	quail	Coturnix coturnix	quail	galliformes	unknown	jordan,clara_global
commonraven	commonraven	Corvus corax	passerine	passeriformes	wild	clara_nam,clara_birds,clara_global
commonshelduck	commonshelduck	Tadorna tadorna				jordan,clara_global
commonsnipe						jordan
commonteal	Eurasian_teal	Anas crecca	duck	anseriformes		clara_birds,clara_global
commontern	commontern	Sterna hirundo	tern	charadriiformes	wild	clara_nam,clara_birds,clara_global
comongoldeneye	commongoldeneye	Bucephala clangula	duck	anseriformes	wild	jordan
condor	condor		raptor	charadriiformes		clara_birds
coopershawk	coopershawk	Accipiter cooperii	raptor	accipitriformes	wild	clara_nam,clara_birds,clara_global
coopersshawk	coopershawk	Accipiter cooperii	raptor	accipitriformes	wild	clara_nam,clara_global
coot	coot	Fulica	coot	gruiformes	wild	clara_birds,clara_global
copsychussaularis						jordan
coragypsatratus						jordan
cormorant	cormorant	Phalacrocoracidae	cormorant	suliformes	wild	clara_nam,clara_birds,clara_global
corvus_frugilegus	rook		passerine	passeriformes		clara_birds
corvuscorvus			passerine	passeriformes	wild	jordan,clara_global
corvusmonedula						jordan,clara_global
corvusossifragus	fishcrow	Corvus ossifragus	crow	passeriformes	wild	clara_nam,clara_global
coscorobaswan						jordan,clara_global
coturnix	quail		quail	galliformes		clara_birds
crane	crane	Gruidae	crane	gruiformes	wild	clara_nam,clara_birds,clara_global
crested_eagle	crested_eagle		raptor	accipitriformes		clara_birds
crestedcaracara	crestedcaracara	Caracara plancus	raptor	falconiformes	wild	clara_nam,clara_global
crestedeagle	crested_eagle		raptor	accipitriformes		clara_birds
crestedgoshawk	crested_goshawk		raptor	accipitriformes		clara_birds
crestedjay						jordan
crestedmyna	crested_myna		passerine	passeriformes		clara_birds
crestedscreamer	crestedscreamer	Chauna torquata	wader	anseriformes	unknown	clara_nam
crow	crow	Corvus brachyrhynchos	passerine	passeriformes	wild	clara_nam,clara_birds,clara_global
crownedcormorant						jordan
crownedcranezoo						jordan,clara_global
curlew	curlew		wader	charadriiformes		clara_birds,clara_global
cygnus						jordan,clara_global
cygnus_columbianus	tundra_swan	Cygnus columbianus	swan	anseriformes		clara_birds
cygnus_cygnus	whooper_swan		goose	anseriformes		clara_birds
cygnus_olor	mute_swan		goose	anseriformes		clara_birds
cygnusatratus						jordan
cygnuscolumbianus	tundraswan	Cygnus columbianus	swan	anseriformes	wild	jordan,clara_global
cygnuscygnus	whooper_swan		goose	anseriformes		clara_birds,clara_global
cygnusolor	mute_swan	Cygnus olor	goose	anseriformes	wild	clara_birds,clara_global
dack	duck		duck	anseriformes		clara_birds
dalmatianpelican	dalmatianpelican	Pelecanus crispus	pelican	pelecaniformes	unknown	clara_nam,clara_birds,clara_global
darkeyedjunco	darkeyedjunco	Junco hyemalis	passerine	passeriformes	wild	clara_nam
daurianstarling	daurian_starling		passerine	passeriformes		clara_birds
decoyduck						jordan
dendrocygna_viduata	white-faced_whistling_duck		duck	anseriformes		clara_birds
dk	avian		avian	avian		clara_birds
dog	canine		canine	canine		clara_birds
domestic_duck	duck		duck	anseriformes		clara_birds
domestic_green-winged_teal	domestic_green-winged_teal		duck	anseriformes		clara_birds
domestic_green_winged_teal	green-winged_teal		duck	anseriformes		clara_birds
domesticchicken						jordan
domesticduck	domesticduck		duck	anseriformes	domestic	clara_nam,clara_birds,clara_global
domesticgoose	domesticgoose	Anser anser domesticus or anser cygnoides domesticus	goose	anseriformes	domestic	clara_nam,clara_birds,clara_global
domesticgreen-wingedteal	green-winged_teal		duck	anseriformes		clara_birds
domesticgreen_wingedteal	green-winged_teal		duck	anseriformes		clara_birds
domesticmallard	mallard	Anas platyrhynchos	duck	anseriformes	domestic	clara_birds,jordan
domesticmallardduck	mallard		duck	anseriformes		clara_birds
domesticturkey	domesticturkey	Meleagris gallopavo	turkey	galliformes	domestic	clara_nam,clara_birds,clara_global
donkey	donkey		donkey	equine		clara_birds
doublecrestedco						jordan
doublecrestedcormorant	doublecrestedcormorant	Phalacrocorax auritus	cormorant	suliformes	wild	clara_nam,clara_birds,clara_global
dove	dove		dove	columbiformes	wild	clara_nam,clara_birds,clara_global
dovekie	dovekie	Alle alle	seabird	charadriiformes	wild	clara_nam
duck	duck		duck	anseriformes	unknown	clara_nam,clara_birds,clara_global
duck_broiler	duck		duck	anseriformes		clara_birds
duckbroiler	duck		duck	anseriformes		clara_birds,jordan
ducks						jordan
dunlin	dunlin	Calidris alpina	wader	charadriiformes	wild	clara_nam,clara_global
eagle	eagle		raptor	accipitriformes	wild	clara_nam,clara_birds,clara_global
eagleowl	Eurasian_eagle-owl	Bubo bubo	owl	strigiformes	wild	clara_birds,clara_global
earedgrebe	earedgrebe	Podiceps nigricollis	grebe	podicipediformes	wild	clara_nam,clara_birds,clara_global
easternbuzzard	eastern_buzzard	Buteo japonicus	raptor	accipitriformes	wild	clara_birds,jordan,clara_global
easternscreechowl	easternscreechowl	Megascops asio	owl	strigiformes	wild	clara_nam
eg	avian		avian	avian		clara_birds
egret	egret		heron	pelecaniformes		clara_birds,clara_global
egrettagarzetta	little_egret		heron	pelecaniformes		clara_birds,jordan,clara_global
egyptiangoose	egyptiangoose	Alopochen aegyptiaca	goose	anseriformes	wild	clara_nam,clara_birds,clara_global
eider	commoneider	Somateria mollissima	duck	anseriformes	wild	clara_nam,clara_global
embdengoose	embdengoose	Anser anser domesticus or anser cygnoides domesticus	goose	anseriformes	domestic	clara_nam,clara_birds,clara_global
emperor_goose	emperor_goose		goose	anseriformes		clara_birds
emperorgoose						jordan
emu	emu	Dromaius novaehollandiae	emu	casuariiformes	domestic	clara_nam,clara_birds,clara_global
emy						jordan
environment	environment		environment	environmen		clara_birds
eq	equine		equine	equine		clara_birds
equi_2	equine		equine	equine		clara_birds
equine	equine		equine	equine		clara_birds
equus_caballus	equine		equine	equine		clara_birds
equus_ferus_caballus	equine		equine	equine		clara_birds
eurasian_eagle_owl	Eurasian_eagle-owl		owl	strigiformes		clara_birds
eurasiancollareddove	eurasiancollareddove	Streptopelia decaocto	dove	columbiformes	wild	clara_nam,clara_global
eurasiancoot						jordan
eurasiancurlew	Eurasian_curlew		wader	charadriiformes		clara_birds,clara_global
eurasianeagelowl	Eurasian_eagle-owl		owl	strigiformes		clara_birds
eurasianeagleowl	Eurasian_eagle-owl		owl	strigiformes		clara_birds,clara_global
eurasiangoshawk						jordan
eurasianherringgull						jordan
eurasianjay						jordan,clara_global
eurasianmagpie						jordan,clara_global
eurasianoystercatcher						jordan,clara_global
eurasiansparrowhawk	Eurasian_sparrowhawk		raptor	accipitriformes		clara_birds,clara_global
eurasianspoonbill	Eurasian_spoonbill		spoonbill	pelecaniformes		clara_birds,clara_global
eurasianteal	Eurasian_teal		duck	anseriformes		clara_birds,clara_global
eurasianwigeon	Eurasian_wigeon		duck	anseriformes		clara_birds,clara_global
eurasianwoodcock						jordan
europeanbeeeater						jordan
europeanherringgull	European_herring_gull	Larus argentatus	gull	charadriiformes		clara_birds,clara_global
europeanherringgullnorway						jordan
europeanrobin						jordan
europeanstarling	europeanstarling	Sturnus vulgaris	passerine	passeriformes	wild	clara_nam
europeanteal	Eurasian_teal		duck	anseriformes		clara_birds
europeanturtledove						jordan
europeanwhitestork						jordan
eurwig	eurasianwigeon	Mareca penelope	duck	anseriformes	wild	jordan
exotic_brid	exotic_bird		avian	avian		clara_birds
falcatedduck	falcated_duck		duck	anseriformes		clara_birds,jordan
falcon	falcon	Falco 	raptor	falconiformes	wild	clara_nam,clara_birds,clara_global
falcoperegrinus	peregrine_falcon	Falco peregrinus	raptor	falconiformes	wild	clara_birds,clara_global
falcorusticolus	gyrfalcon	Falco rusticolus	raptor	falconiformes	wild	clara_nam,clara_global
fancychicken	chicken	Gallus gallus	chicken	galliformes	domestic	clara_nam,clara_birds
feline	feline		feline	feline		clara_birds
felis_catus	feline		feline	feline		clara_birds
feralpigeon	pigeon		pigeon	columbiformes		clara_birds
ferret	ferret		ferret	ferret		clara_birds
ferruginousduck						jordan
ferruginoushawk	ferruginoushawk	Buteo regalis	raptor	accipitriformes	wild	clara_nam
finch	finch	Fringillidae	passerine	passeriformes	wild	clara_nam,clara_birds
finistere	swine		swine	swine		clara_birds
fishcrow	fishcrow	Corvus ossifragus	crow	passeriformes	wild	clara_nam,clara_global
fisheagle						jordan
flamingo	flamingo		wader	phoenicopteriformes	unknown	jordan,clara_global
forsterstern	forsterstern	Sterna forsteri	tern	charadriiformes	wild	clara_nam
fowl	fowl		fowl	galliformes		clara_birds
franklingull	franklinsgull	Leucophaeus pipixcan	gull	charadriiformes	wild	clara_nam,clara_global
franklinsgull	franklinsgull	Leucophaeus pipixcan	gull	charadriiformes	wild	clara_nam,clara_global
fulmar						jordan,clara_global
fulvouswhistlingduck	fulvouswhistlingduck	Dendrocygna bicolor	duck	anseriformes	wild	clara_nam
g.h	avian		avian	avian		clara_birds
gadwall	gadwall	Mareca strepera	duck	anseriformes	wild	clara_nam,clara_birds,clara_global
gadwall_duck	gadwall		duck	anseriformes		clara_birds
gadwallduck	gadwall	Mareca strepera	duck	anseriformes	wild	clara_nam,clara_birds,clara_global
gallinulachloropus						jordan
gallus	chicken	Gallus gallus	chicken	galliformes	domestic	clara_nam
gallus_gallus	chicken		chicken	galliformes		clara_birds
gallusgallus	chicken	Gallus gallus	chicken	galliformes	domestic	clara_nam,clara_birds,clara_global
gallusgallusdomesticus	chicken	Gallus gallus	chicken	galliformes	domestic	clara_nam,clara_global
gannet	gannet	Morus	seabird	suliformes	wild	clara_nam,clara_global
garganey	garganey	Spatula querquedula	duck	anseriformes	wild	clara_birds,jordan,clara_global
garrulusglandarius	eurasianjay	Garrulus glandarius	passerine	passeriformes	wild	jordan,clara_global
gcgrebe						jordan
geese	goose		goose	anseriformes	unknown	clara_birds,clara_global
gf	avian		avian	avian		clara_birds
gh	avian		avian	avian		clara_birds,jordan
glaucous_gull	glaucous-winged_gull		gull	charadriiformes		clara_birds
glaucousgull	glaucousgull	Larus hyperboreus	gull	charadriiformes	wild	clara_nam,clara_global
glaucouswingedgull	glaucouswingedgull	Larus glaucescens	gull	charadriiformes	wild	clara_nam,clara_birds,clara_global
glossyibis	glossyibis	Plegadis falcinellus	wader	pelecaniformes	wild	clara_nam
go						jordan
goldeneagle	goldeneagle	Aquila chrysaetos	raptor	accipitriformes	wild	clara_nam,clara_birds,clara_global
goldeneyeduck	Goldeneye		duck	anseriformes		clara_birds
goldenmountainthrush	golden_mountain_thrush		passerine	passeriformes		clara_birds
goldenpheasant	golden_pheasant		pheasant	galliformes		clara_birds
goosander	goosander		duck	anseriformes		clara_birds
goose	goose		goose	anseriformes	unknown	clara_nam,clara_birds,clara_global
goshawk	Northern_goshawk	Astur	raptor	accipitriformes	wild	clara_birds,clara_global
grackle	grackle		passerine	passeriformes	wild	clara_nam,clara_global
gray-crowedcrane	grey_crowned_crane		crane	gruiformes		clara_birds
graygull	gray_gull		gull	charadriiformes		clara_birds,jordan,clara_global
grayheron	grey_heron	Ardea cinerea	heron	pelecaniformes	wild	clara_birds,clara_global
graylaggoose	greylaggoose	Anser anser	goose	anseriformes	unknown	clara_nam,clara_birds,clara_global
grbkbdgull						jordan
great_black_headed_gull	black-headed_gull		gull	charadriiformes		clara_birds
great_cormorant	great_cormorant		cormorant	suliformes		clara_birds
great_created_grebe	great_crested_grebe		grebe	podicipediformes		clara_birds
great_crested_grebe	great_crested_grebe		grebe	podicipediformes		clara_birds
great_egret	great_egret		heron	pelecaniformes		clara_birds
greatbarbet	great_barbet		barbet	piciformes		clara_birds
greatblack-headedgull	black-headed_gull		gull	charadriiformes		clara_birds
greatblack_headedgull	black-headed_gull		gull	charadriiformes		clara_birds
greatblackbackedgull	greatblackbackedgull	Larus marinus	gull	charadriiformes	wild	clara_nam,clara_birds,clara_global
greatblackbackedgulll	greatblackbackedgull	Larus marinus	gull	charadriiformes	wild	clara_nam,clara_global
greatblackbakedgull	greatblackbackedgull	Larus marinus	gull	charadriiformes	wild	clara_nam,clara_global
greatblackheadedgull	great_black-backed_gull	Larus marinus	gull	charadriiformes		clara_birds
greatblueheron	greatblueheron	Ardea herodias	heron	pelecaniformes	wild	clara_nam,clara_birds,clara_global
greatcormorant	great_cormorant		cormorant	suliformes		clara_birds,clara_global
greatcrested-grebe	great_crested_grebe		grebe	podicipediformes		clara_birds
greatcrestedgrebe	great_crested_grebe		grebe	podicipediformes		clara_birds,clara_global
greatdrestedgrebe	great_crested_grebe		grebe	podicipediformes		clara_birds
greategret	greategret	Ardea alba	heron	pelecaniformes	wild	clara_nam,clara_birds,clara_global
greatercanadagoose						jordan,clara_global
greaterrhea	greaterrhea	Rhea americana	rhea	rheiformes	unknown	clara_nam,clara_global
greatersagegrouse	greatersagegrouse	Centrocercus urophasianus	groundbird	galliformes	wild	clara_nam
greaterscaup	greaterscaup	Aythya marila	duck	anseriformes	wild	clara_nam,clara_birds,clara_global
greaterwhitefrontedgoose	greaterwhitefrontedgoose	Anser albifrons	goose	anseriformes	wild	clara_nam,clara_birds,clara_global
greateryellowlegs	greateryellowlegs	Tringa melanoleuca	wader	charadriiformes	wild	clara_nam,clara_global
greatgrabe	greatgrebe					jordan,clara_global
greatgrebe	greatgrebe					jordan,clara_global
greatgreyowl	greatgreyowl	Strix nebulosa	owl	strigiformes	wild	clara_nam,clara_global
greathornedowl	greathornedowl	Bubo virginianus	owl	strigiformes	wild	clara_nam,clara_birds,clara_global
greatshearwater	greatshearwater	Ardenna gravis	seabird	procellariiformes	wild	clara_nam
greatskua	greatskua	Stercorarius skua	seabird	charadriiformes	wild	jordan,clara_global
greattailedgrackle	greattailedgrackle	Quiscalus mexicanus	passerine	passeriformes	wild	clara_nam,clara_global
greattit	great_tit		passerine	passeriformes		clara_birds
greatwhitepelican	great_white_pelican		pelican	pelecaniformes		clara_birds
grebe	grebe		grebe	podicipediformes		clara_birds,clara_global
green-winged_teal(anas_crecca)	green-winged_teal		duck	anseriformes		clara_birds
greenfinch						jordan
greenheron	greenheron	Butorides virescens	heron	pelecaniformes	wild	clara_nam,clara_birds,clara_global
greenpeafowl	green_peafowl		peafowl	galliformes		clara_birds
greenpheasant						jordan
greensandpiper						jordan,clara_global
greenwingedteal	greenwingedteal	Anas carolinensis	duck	anseriformes	wild	clara_nam,clara_birds,clara_global
grey_heron	grey_heron		heron	pelecaniformes		clara_birds
grey_teal	grey-teal_duck		duck	anseriformes		clara_birds
greyduck	pacific_black_duck		duck	anseriformes		clara_birds
greyfacedbuzzard						jordan
greygo						jordan
greygoose	grey_goose		goose	anseriformes		clara_birds,clara_global
greyheadedgull						jordan
greyheron	grey_heron	Ardea cinerea	heron	pelecaniformes	wild	clara_birds,clara_global
greylaggoose	greylag_goose	Anser anser	goose	anseriformes	unknown	clara_birds,clara_global
greyteal						jordan
griffonvulture	griffonvulture	Gyps fulvus		accipitriformes	wild	jordan,clara_global
gs	avian		avian	avian		clara_birds
guanaycormorant						jordan,clara_global
guillemot						jordan,clara_global
guinea_fowl	guinea_fowl		guinea_fowl	galliformes		clara_birds
guineafowl	guineafowl	Numididae sp.	guineafowl	galliformes	unknown	clara_nam,clara_birds,clara_global
gull	gull		gull	charadriiformes	wild	clara_nam,clara_birds,clara_global
gull1						jordan
gull10						jordan
gullbilledtern						jordan,clara_global
gullspp	gull		gull	charadriiformes	wild	clara_nam
gypaetusbarbatus	bearded_vulture		raptor	accipitriformes		clara_birds,jordan,clara_global
gyrfalcon	gyrfalcon	Falco rusticolus	raptor	falconiformes	wild	clara_nam,clara_global
haematopusostralegus						jordan,clara_global
harbor_seal	harbor_seal		seal	seal		clara_birds
harrishawk	harrishawk	Parabuteo unicintus	raptor	accipitriformes	wild	clara_nam,clara_global
harrisshawk	harrishawk	Parabuteo unicintus	raptor	accipitriformes	wild	clara_nam,clara_global
hartlaubsgull	hartlaubsgull	Chroicocephalus hartlaubii	gull	charadriiformes	wild	jordan
hatay						jordan
hawaiiangoose	hawaiian_goose		goose	anseriformes		clara_birds,jordan,clara_global
hawk	hawk		raptor	accipitriformes	wild	clara_nam,clara_birds,clara_global
helmetedguineafowl						jordan
hen	chicken	Gallus gallus	chicken	galliformes	domestic	clara_birds,clara_global
henharrier	chicken	Gallus gallus	chicken	galliformes	domestic	jordan,clara_global
hens	chicken	Gallus gallus	chicken	galliformes	domestic	jordan,clara_global
heringgull	herringgull	Larus argentatus	gull	charadriiformes	wild	clara_nam,clara_global
heron	heron	Ardeidae	heron	pelecaniformes	wild	clara_nam,clara_birds,clara_global
herringgull	herringgull	Larus argentatus	gull	charadriiformes	wild	clara_nam,clara_birds,clara_global
herringull	herringgull	Larus argentatus	gull	charadriiformes	wild	clara_nam,clara_global
hill_myna	common_hill_myna		passerine	passeriformes		clara_birds
hillmyna	common_hill_myna		passerine	passeriformes		clara_birds
hoabara	houbara_bustard		bustard	otidiformes		clara_birds
hobbyfalcon						jordan,clara_global
hollandpigeon						jordan
hongkong						jordan
hooded_crane	hooded_crane		crane	gruiformes		clara_birds
hooded_merganser	hooded_merganser	Lophodytes cucullatus	duck	anseriformes		clara_birds
hoodedcrane	hooded_crane		crane	gruiformes		clara_birds,clara_global
hoodedmerganser	hoodedmerganser	Lophodytes cucullatus	duck	anseriformes	wild	clara_nam,clara_global
hoodedvulture	hooded_vulture		raptor	accipitriformes		clara_birds
hornedgrebe	hornedgrebe	Podiceps auritus	grebe	podicipediformes	wild	clara_nam,clara_global
horse	equine		equine	equine		clara_birds
houbarabustard	houbara_bustard		bustard	otidiformes		clara_birds
housecrow	house_crow		crow	passeriformes		clara_birds
housesparrow	housesparrow	Passer domesticus	passerine	passeriformes	wild	clara_nam,clara_birds,clara_global
humboldtpenguin						jordan,clara_global
ibis						jordan
icelandgull	icelandgull	Larus glaucoides	gull	charadriiformes	wild	clara_nam
ichtyaetusmelanocephalus						jordan,clara_global
incatern						jordan,clara_global
indian_runner_duck	indian_runner_duck		duck	anseriformes		clara_birds
indianpeafowl						jordan
indianrunnerduck	indianrunnerduck	Anas platyrhynchos domesticus	duck	anseriformes	domestic	clara_nam,clara_birds,clara_global
indianrunnerducks	indianrunnerduck	Anas platyrhynchos domesticus	duck	anseriformes	domestic	clara_nam,clara_global
jackalbuzzard						jordan
jackdaw						jordan
japanese_white_eye	Japanese_white-eye		passerine	passeriformes		clara_birds
japanesewhite-eye	Japanese_white-eye		passerine	passeriformes		clara_birds
japanesewhiteeye	Japanese_white-eye		passerine	passeriformes		clara_birds
junglecrow	jungle_crow		passerine	passeriformes	wild	clara_birds,jordan,clara_global
juvenileswan	swan		swan	anseriformes		clara_birds
kalijpheasant	kalij_pheasant		pheasant	galliformes		clara_birds
kaljipheasant	kalij_pheasant		pheasant	galliformes		clara_birds
kelpgull	kelpgull	Larus dominicanus	seabird	charadriiformes	wild	jordan,clara_global
kestral						jordan
kestrel	kestrel		raptor	falconiformes		clara_birds,clara_global
khakicampbellduck	khakicampbell	Anas platyrhynchos domesticus	duck	anseriformes	domestic	clara_nam
kingvulture	kingvulture	Sarcoramphus papa	raptor	cathartiformes	unknown	clara_nam,clara_global
kittiwake	kittiwake		seabird	charadriiformes	wild	jordan,clara_global
knotwader	red_knot		wader	charadriiformes		clara_birds,jordan,clara_global
kookaburra	kookaburra	Dacelo	kingfisher	coraciiformes	unknown	clara_nam
korean_native_chicken	korean_native_chicken		chicken	galliformes		clara_birds
koreannativechicken	koreannativechicken	Gallus gallus	chicken	galliformes	unknown	jordan,clara_global
ladyamherstspheasant	ladyamherstspheasant	Chrysolophus amherstiae	pheasant	galliformes	domestic	clara_nam,clara_birds,clara_global
lapwing						jordan,clara_global
large-billedcrow	large-billed_crow		passerine	passeriformes		clara_birds
large_billedcrow	large-billed_crow		passerine	passeriformes		clara_birds
largebilledcrow	large-billed_crow		passerine	passeriformes		clara_birds,clara_global
laridae	gull		gull	charadriiformes	wild	clara_nam,clara_global
larkbunting	larkbunting	Calamospiza melanocorys	passerine	passeriformes	wild	clara_nam
larksparrow	larksparrow	Chondestes grammacus	passerine	passeriformes	wild	clara_nam
larus						jordan,clara_global
larus_argentatus	European_herring_gull		gull	charadriiformes		clara_birds
larus_atricilla	laughing_gull		gull	charadriiformes		clara_birds
larus_glaucescens	glaucous-winged_gull		gull	charadriiformes		clara_birds
larus_hyperboreus	glaucous-winged_gull	Larus hyperboreus	gull	charadriiformes		clara_birds
larusargentatus	European_herring_gull		gull	charadriiformes		clara_birds,clara_global
laruscachinnans						jordan
laruscanus	common_gull		gull	charadriiformes		clara_birds,clara_global
larusmarinus						jordan,clara_global
larusmichaellis	yellowleggedgull	Larus michahellis	gull	charadriiformes	wild	jordan
larusmichahellis						jordan
larusridibundus	black-headed_gull		gull	charadriiformes		clara_birds,clara_global
laughinggull	laughinggull	Leucophaeus atricilla	gull	charadriiformes	wild	clara_nam,clara_global
layer	chicken		chicken	galliformes		clara_birds,clara_global
layerchicken	chicken	Gallus gallus	chicken	galliformes	domestic	clara_nam,clara_birds,clara_global
layinghen	chicken		chicken	galliformes		clara_birds,clara_global
lblbagull						jordan
leastsandpiper						jordan
lesser_scaup	lesser_scaup	Aythya affinis	duck	anseriformes		clara_birds
lesserblackbackedgull	lesser_black-backed_gull		gull	charadriiformes		clara_birds,clara_global
lesserflamingo	lesserflamingo	Phoenicopterus minor	wader	phoenicopteriformes	unknown	clara_nam
lesserkestrel	lesser_kestrel		raptor	falconiformes		clara_birds
lesserscaup	lesserscaup	Aythya affinis	duck	anseriformes	wild	clara_nam,clara_global
lessersnowgoose	lessersnowgoose	Anser caerulescens	goose	anseriformes	wild	clara_nam,clara_birds,clara_global
lessersnowgooseblue	lessersnowgooseblue	Anser caerulescens	goose	anseriformes	wild	clara_nam,clara_global
lessersnowgoosewhite	lessersnowgoosewhite	Anser caerulescens	goose	anseriformes	wild	clara_nam,clara_global
lesserwhitefrontedgoose	lesserwhitefrontedgoose	Anser erythropus	goose	anseriformes	wild	clara_nam,clara_global
leucophaeus_atricilla	laughing_gull		gull	charadriiformes		clara_birds
little_egret	little_egret		heron	pelecaniformes		clara_birds
little_grebe	little_grebe		grebe	podicipediformes		clara_birds
littlecuckoo-dove	little_cuckoo-dove		dove	columbiformes		clara_birds
littleegret	little_egret		heron	pelecaniformes		clara_birds
littlegrebe	little_grebe		grebe	podicipediformes		clara_birds
littlegull						jordan,clara_global
littleowl	little_owl		owl	strigiformes		clara_birds,clara_global
littletern						jordan,clara_global
long-tailedshrike	long-tailed_shrike		passerine	passeriformes		clara_birds
longearedowl	longearedowl	Asio otus	owl	strigiformes	wild	clara_nam,clara_global
longtail_duck	longtail-duck		duck	anseriformes		clara_birds
longtailedduck	longtailedduck	Clangula hyemalis	duck	anseriformes	wild	clara_nam
longtailedskua						jordan,clara_global
lorikeet	lorikeet	Trichoglossus moluccanus	parrot	psittaciformes	unknown	clara_nam
lusciniacyane						jordan
magpie	magpie	Corvidae	passerine	passeriformes	wild	clara_nam,clara_birds,clara_global
magpie_robin	Oriental_magpie-robin		passerine	passeriformes		clara_birds
magpierobin	magpie-robin		passerine	passeriformes		clara_birds
mal						jordan
mallard	mallard	Anas platyrhynchos	duck	anseriformes	wild	clara_nam,clara_birds,clara_global
mallard(anas_platyrhynchos)	mallard		duck	anseriformes		clara_birds
mallard-black_duck_hybrid	mallard-black_duck_hybrid		duck	anseriformes		clara_birds
mallard_duck	mallard		duck	anseriformes		clara_birds
mallardblackduckhybrid						jordan
mallarddenmark						jordan
mallardduck	mallard	Anas platyrhynchos	duck	anseriformes	wild	clara_nam,clara_birds,clara_global
mandarin_duck	Mandarin_duck		duck	anseriformes		clara_birds
mandarinduck	Mandarin_duck		duck	anseriformes		clara_birds,clara_global
maned_goose	wood_duck		duck	anseriformes		clara_birds
manxshearwater	manxshearwater	Puffinus puffinus	seabird	procellariiformes	wild	clara_nam,clara_global
marabou_stork	marabou_stork		stork	ciconiiformes		clara_birds
maraboustork	marabou_stork		stork	ciconiiformes		clara_birds
marmaronettaangustirostris						jordan
mediterraneangull	mediterraneangull	Ichthyaetus melanocephalus	gull	charadriiformes	wild	jordan,clara_global
melanitta_nigra	common_scoter		duck	anseriformes		clara_birds
meleagrisgallopavo	wild_turkey	Meleagris gallopavo	turkey	galliformes	unknown	clara_birds,jordan,clara_global
merganser	merganser	Mergus	duck	anseriformes	wild	clara_nam,clara_global
mergus	duck		duck	anseriformes	unknown	clara_nam,clara_global
mergusalbellus	smew		duck	anseriformes		clara_birds
merlin	merlin	Falco columbarius	raptor	falconiformes	wild	clara_nam
mewgull						jordan
mexicanduck						jordan
migratorybird	migratory_bird		avian	avian		clara_birds
migratoryduck	duck		duck	anseriformes		clara_birds
migratorywaterfowl						jordan
mink	mink		mink	mink		clara_birds
mixed	multispecies			unknown	unknown	clara_nam,clara_global
mixeddomesticanatidae						jordan,clara_global
mixeddomesticphasianidae						jordan,clara_global
mixedwildbirds	mixed_wild_birds		avian	avian	unknown	clara_birds,jordan,clara_global
moorhen	moorhen		moorhen	gruiformes		clara_birds,clara_global
morusbassanus	northern_gannet		gannet	suliformes		clara_birds,jordan,clara_global
mottledduck	mottledduck	Anas fulvigula	duck	anseriformes	wild	clara_nam,clara_global
mountain_hawk_eagle	mountain_hawk-eagle		raptor	accipitriformes		clara_birds
mountainhawk-eagle	mountain_hawk-eagle		raptor	accipitriformes		clara_birds
mountainhawkeagle						jordan
mourningdove	mourningdove	Zenaida macroura	dove	columbiformes	wild	clara_nam
mswan						jordan
mulardduck	mulardduck	Anas platyrhynchos _ Cairina moschata	duck	anseriformes	domestic	jordan
mule_duck	mule_duck		duck	anseriformes		clara_birds
muleduck	mulardduck	Anas platyrhynchos _ Cairina moschata	duck	anseriformes	domestic	jordan,clara_global
multispecies	multispecies			unknown	unknown	clara_nam,clara_global
munia	munia		passerine	passeriformes		clara_birds
muscovy	Muscovy_duck		duck	anseriformes		clara_birds
muscovy_duck	Muscovy_duck		duck	anseriformes		clara_birds
muscovyduck	muscovyduck	Cairina moschata	duck	anseriformes	unknown	clara_nam,clara_birds,clara_global
mute_swan	mute_swan		goose	anseriformes		clara_birds
muteswan	muteswan	Cygnus olor	goose	anseriformes	wild	clara_nam,clara_birds,clara_global
mynah	myna		passerine	passeriformes		clara_birds
mynas	myna		passerine	passeriformes		clara_birds
nasuanasua						jordan
nativechicken						jordan,clara_global
nenegoose						jordan,clara_global
neotropiccormorant	neotropiccormorant	Phalacrocorax brasilianus	cormorant	suliformes	wild	clara_nam,clara_birds,clara_global
netta_rufina	red-crested_pochard		duck	anseriformes		clara_birds
nightheron						jordan
nightingale	nightingale		passerine	passeriformes		clara_birds
northen_pintail	northern_pintail		duck	anseriformes		clara_birds
northernfulmar	northernfulmar	Fulmarus glacialis	seabird	procellariiformes	wild 	clara_nam,clara_global
northerngannet	northerngannet	Morus bassanus	seabird	suliformes	wild	clara_nam,clara_birds,clara_global
northerngiantpetrel						jordan
northerngoshawk	northern_goshawk		raptor	accipitriformes		clara_birds,clara_global
northernharrier	northernharrier	Circus hudsonius	hawk	accipitriformes	wild	clara_nam,clara_global
northernlapwing						jordan
northernpintail	northernpintail	Anas acuta	duck	anseriformes	wild	clara_nam,clara_birds,clara_global
northernsawwhetowl	northernsawwhetowl	Aegolius acadicus	owl	strigiformes	wild	clara_nam
northernshoveler	northernshoveler	Spatula clypeata	duck	anseriformes	wild	clara_nam,clara_birds,clara_global
northwesterncrow	americancrow	Corvus brachyrhynchos	passerine	passeriformes	wild	clara_nam,clara_birds,clara_global
notherngannet	northern_gannet	Morus bassanus	gannet	suliformes	wild	clara_birds,jordan,clara_global
numeniusarquata						jordan,clara_global
open-billedstork	open-billed_stork		stork	ciconiiformes		clara_birds
open-billibis	open-billed_ibis		ibis	pelecaniformes		clara_birds
open-billstork	open-billed_stork		stork	ciconiiformes		clara_birds
open_bill_stork	open-billed_stork		stork	ciconiiformes		clara_birds
open_billed_stork	open-billed_stork		stork	ciconiiformes		clara_birds
open_billedstork	open-billed_stork		stork	ciconiiformes		clara_birds
open_billstork	open-billed_stork		stork	ciconiiformes		clara_birds
openbill	open-billed_stork		stork	ciconiiformes		clara_birds
openbill_stork	open-billed_stork		stork	ciconiiformes		clara_birds
openbillstork	open-billed_stork		stork	ciconiiformes		clara_birds
orientalmagpierobin	Oriental_magpie-robin		passerine	passeriformes		clara_birds
ornamentalbird						jordan
osprey	osprey	Pandion haliaetus	hawk	accipitriformes	wild	clara_nam,clara_global
ostrich	ostrich	Struthio camelus	ostrich	struthioniformes	domestic	clara_nam,clara_birds
ostriches						jordan
other_avian	avian		avian	avian		clara_birds
otusscops	Eurasian_scops_owl		owl	strigiformes		clara_birds,jordan,clara_global
owl	owl	Strigidae	owl	strigiformes	wild	clara_nam,clara_birds,clara_global
oxyura_jamaicensis	ruddy_duck		duck	anseriformes		clara_birds
oystercatcher	oystercatcher		wader	charadriiformes		clara_birds,clara_global
pacific_golden_plover	pacific_golden_plover		wader	charadriiformes		clara_birds
pacificblackduck						jordan
pacificloon	pacificloon	Gavia pacifica	duck	gaviiformes	wild	clara_nam
paintedstork						jordan
parasiticjaeger	parasiticjaeger	Stercorarius parasiticus	gull	charadriiformes	wild	clara_nam,clara_global
parrot	parrot	Psittacidae	parrot	psittaciformes	unknown	clara_nam,clara_global
partridge	partridge	Phasianidae	partridge	galliformes	unknown	clara_nam,clara_birds,clara_global
pavo						jordan,clara_global
pavocristatus						jordan,clara_global
peacefuldove	peaceful_dove		dove	columbiformes		clara_birds
peacock	peafowl	Pavo	peafowl	galliformes	unknown	clara_nam,clara_birds,clara_global
peafowl	peafowl	Pavo	peafowl	galliformes	unknown	clara_nam,clara_birds,clara_global
pekinduck	pekinduck	Anas platyrhynchos	duck	anseriformes	domestic	clara_nam,clara_birds,clara_global
pekingduck	Peking_duck		duck	anseriformes		clara_birds
pelecanus						jordan,clara_global
pelecanusconspicillatus	Australian_pelican		pelican	pelecaniformes		clara_birds,clara_global
pelecanuscrispus	Dalmatian_pelican		pelican	pelecaniformes		clara_birds,clara_global
pelecanusoccidentalis	brownpelican	Pelecanus occidentalis	seabird	pelecaniformes	wild	jordan,clara_global
pelecanusthagus						jordan
pelican	pelican	Pelecanidae	pelican	pelecaniformes	wild	clara_nam,clara_birds,clara_global
penguin						jordan
peregrine	peregrine_falcon		raptor	falconiformes		clara_birds
peregrine_falcon	peregrine_falcon		raptor	falconiformes		clara_birds
peregrinefalcon	peregrinefalcon	Falco peregrinus	raptor	falconiformes	wild	clara_nam,clara_birds,clara_global
perigrinefalcon	peregrinefalcon	Falco peregrinus	raptor	falconiformes	wild	jordan
peru						jordan,clara_global
peruveanbooby						jordan,clara_global
peruvianbooby	peruvianbooby	Sula variegata	seabird	suliformes	wild	jordan,clara_global
pet_bird	pet_bird		avian	avian		clara_birds
pfalcon	peregrinefalcon	Falco peregrinus	raptor	falconiformes	wild	jordan
ph	avian		avian	avian		clara_birds
phalacrocorax	phalacrocorax		cormorant	suliformes		clara_birds
phalacrocoraxcarbo	great_cormorant		cormorant	suliformes		clara_birds,clara_global
phasianuscolchicus	common_pheasant		pheasant	galliformes		clara_birds,clara_global
pheasant	pheasant	Phasianus colchicus	pheasant	galliformes	unknown	clara_nam,clara_birds,clara_global
picapica						jordan,clara_global
pied_megpie	Australian_magpie		passerine	passeriformes		clara_birds
piedbilledgrebe	piedbilledgrebe	Podilymbus podiceps	grebe	podicipediformes	wild	clara_nam
piedmegpie	Australian_magpie		passerine	passeriformes		clara_birds
pig	swine		swine	swine		clara_birds
pigeon	pigeon	Columba	dove	columbiformes	wild	clara_nam,clara_birds,clara_global
pink-eared_duck	pink-eared_duck		duck	anseriformes		clara_birds
pinkfootedgoose	pinkfootedgoose	Anser brachyrhynchus	goose	anseriformes	wild	jordan,clara_global
pintail	northernpintail	Anas acuta	duck	anseriformes	wild	clara_nam,clara_birds,clara_global
pintail_duck	northern_pintail		duck	anseriformes		clara_birds
plushcrestedjay	plushcrestedjay	Cyanocorax chrysops	passerine	passeriformes	unknown	clara_nam
pluvialisdominica						jordan
pochard	common_pochard		duck	anseriformes		clara_birds
pochardduck						jordan
podicepscristatus						jordan
polarskua						jordan,clara_global
pomeraniangoose						jordan,clara_global
poultry	chicken	Gallus gallus	chicken	galliformes	domestic	clara_nam,clara_global
prairiefalcon	prairiefalcon	Falco mexicanus	raptor	falconiformes	wild	clara_nam
procellariaaequinoctialis						jordan
psittacine	parrot		parrot	psittaciformes		clara_birds
punateal	punateal	Spatula puna	duck	anseriformes	unknown	clara_nam
qa	avian		avian	avian		clara_birds
qu	quail		quail	galliformes		clara_birds
quail	quail		quail	galliformes	unknown	clara_nam,clara_birds,clara_global
radjahshelduck						jordan
rails						jordan
raptor						jordan
raven	commonraven	Corvus	passerine	passeriformes	wild	clara_nam,clara_global
raxorbill	razorbill	Alca torda	gull	charadriiformes	wild	clara_nam,clara_global
razorbill	razorbill	Alca torda	gull	charadriiformes	wild	clara_nam,clara_global
rbpochard	red-chested_pochard		duck	anseriformes		clara_birds
red-billedstarling	read-breasted_starling		passerine	passeriformes		clara_birds
red-crested_pochard	red-crested_pochard		duck	anseriformes		clara_birds
red-fronted_coot	red-fronted_coot		coot	gruiformes		clara_birds
red-gartered_coot	red-gartered_coot		coot	gruiformes		clara_birds
red-necked_grebe	red-necked_grebe		grebe	podicipediformes		clara_birds
red-necked_stint	red-necked_stint		wader	charadriiformes		clara_birds
red_crested_pochard	red-crested_pochard		duck	anseriformes		clara_birds
redbackedhawk	red-backed_hawk		raptor	accipitriformes		clara_birds,jordan,clara_global
redbreastedgoose	redbreastedgoose	Branta ruficollis	goose	anseriformes	unknown	clara_nam
redbreastedmerganser	redbreastedmerganser	Mergus serrator	duck	anseriformes	wild	clara_nam,clara_birds,clara_global
redcrownedcrane	red-crowned_crane		crane	gruiformes		clara_birds,jordan,clara_global
redhead	redheadduck	Aythya americana	duck	anseriformes	wild	clara_nam,clara_birds,clara_global
redheadduck	redheadduck	Aythya americana	duck	anseriformes	wild	clara_nam,clara_global
redkite						jordan
redknot	red_knot	Calidris canutus	wader	charadriiformes	wild	clara_birds,jordan,clara_global
redneckedgrebe	redneckedgrebe	Podiceps grisegena	grebe	podicipediformes	wild	clara_nam,clara_global
redneckedphalarope	redneckedphalarope	Phalaropus lobatus	wader	charadriiformes	wild 	clara_nam,clara_global
redshoulderedhawk	redshoulderedhawk	Buteo lineatus	raptor	accipitriformes	wild	clara_nam,clara_birds,clara_global
redtailedhawk	redtailedhawk	Buteo jamaicensis	raptor	accipitriformes	wild	clara_nam,clara_birds,clara_global
redwingedblackbird	redwingedblackbird	Agelaius phoeniceus	passerine	passeriformes	wild	clara_nam
rhea	rhea	Rhea	rhea	rheiformes	unknown	clara_nam,clara_birds,clara_global
ringbilledgull	ringbilledgull	Larus delawarensis	gull	charadriiformes	wild	clara_nam,clara_global
ringneckedduck	ringneckedduck	Aythya collaris	duck	anseriformes	wild	clara_nam,clara_birds,clara_global
ringneckedpheasant	ringneckedpheasant	Phasianus colchicus	pheasant	galliformes	wild	clara_nam,clara_global
ringtailedhawk	northernharrier	Circus hudsonius	raptor	accipitriformes	wild	clara_nam
rissatridactyla						jordan,clara_global
robin	robin		passerine	passeriformes		clara_birds
rockpigeon	rockpigeon	Columba livia	pigeon	columbiformes	wild	clara_nam,clara_global
rollers	roller		roller	coraciiformes		clara_birds
rook	rook		passerine	passeriformes		clara_birds
rooster	rooster		chicken	galliformes		clara_birds,clara_global
roseatespoonbill	roseatespoonbill	Platalea ajaja	wader	pelecaniformes	wild	clara_nam
rosssgoose	rosssgoose	Anser rossii	goose	anseriformes	wild	clara_nam,clara_global
rossssgoose	rosssgoose	Anser rossii	goose	anseriformes	wild	clara_nam
rosybilledpochard						jordan
roughleggedhawk	roughleggedhawk	Buteo lagopus 	raptor	accipitriformes	wild	clara_nam,clara_birds,clara_global
royaltern	royaltern	Thalasseus maximus	tern	charadriiformes	wild	clara_nam,clara_global
rthawk	redtailedhawk	Buteo jamaicensis	raptor	accipitriformes	wild	clara_nam,clara_global
rubbyshelduck	Ruddy_shelduck		duck	anseriformes		clara_birds
ruddy_shelduck	Ruddy_shelduck		duck	anseriformes		clara_birds
ruddyduck	ruddyduck	Oxyura jamaicensis	duck	anseriformes	wild	clara_nam,clara_global
ruddyshelduck	Ruddy_shelduck		duck	anseriformes		clara_birds
ruddyturnstone	ruddyturnstone	Arenaria interpres	wader	charadriiformes	wild	clara_nam,clara_birds,clara_global
ruffedgrouse	ruffedgrouse	Bonasa umbellus	groundbird	galliformes	wild	clara_nam
ruralchicken						jordan,clara_global
ruralduck						jordan,clara_global
ruralgoose						jordan,clara_global
rurallayinghen						jordan,clara_global
ruralturkey						jordan,clara_global
sabinesgull	sabinesgull	Xema sabini	gull	charadriiformes	wild	clara_nam,clara_global
sacredibis						jordan
saker_falcon	saker_falcon		raptor	falconiformes		clara_birds
sakerfalcon	saker_falcon		raptor	falconiformes		clara_birds
sanderling	sanderling	Calidris alba	wader	charadriiformes	wild	clara_nam,clara_birds,clara_global
sandhillcrane	sandhillcrane	Antigone canadensis	crane	gruiformes	wild	clara_nam,clara_global
sandpiper	sandpiper		wader	charadriiformes		clara_birds,jordan
sandwichtern	sandwichtern	Thalasseus sandvicensis	tern	charadriiformes	wild	clara_nam,clara_birds,clara_global
savannahsparrow	savannahsparrow	Passerculus sandwichensis	passerine	passeriformes	wild	clara_nam
saysphoebe	saysphoebe	Sayornis saya	passerine	passeriformes	wild	clara_nam
scaly-breastedmunia	scaly-breasted_munia		passerine	passeriformes		clara_birds
scalysidedmerganser	scalysidedmerganser	Mergus squamatus	duck	anseriformes	unknown	clara_nam
scarletibis	scarletibis	Eudocimus ruber	wader	pelecaniformes	unknown	clara_nam
sck	avian		avian	avian		clara_birds
scoter	scoter	Melanitta	duck	anseriformes	wild	clara_nam,clara_global
seabird						jordan
seaeagle	sea_eagle		raptor	accipitriformes		clara_birds,jordan,clara_global
seagull	gull		gull	charadriiformes		clara_birds,clara_global
seal	seal		seal	seal		clara_birds
sebastopolgoose	sebastopolgoose	Anser anser domesticus 	goose	anseriformes	domestic	clara_nam,clara_birds,clara_global
semipalmated_sandpiper	semi-palmated_sandpiper		wader	charadriiformes		clara_birds
sharpshinnedhawk	sharpshinnedhawk	Accipiter striatus	raptor	accipitriformes	wild	clara_nam,clara_global
shearwater						jordan
shelduck						jordan
shorebird	shorebird		wader	charadriiformes		clara_birds
shortbilledgull	shortbilledgull	Larus brachyrhynchus	gull	charadriiformes	wild	clara_nam,clara_global
shortearedowl	shortearedowl	Asio flammeus	owl	strigiformes	wild	clara_nam,clara_global
shorttailedshearwaters	shorttailedshearwater	Ardenna tenuirostris	seabird	procellariiformes	wild	clara_nam,clara_global
shoveler	northern_shoveler		duck	anseriformes		clara_birds,jordan,clara_global
shoveller						jordan
shovellerduck						jordan
shrike	shrike		passerine	passeriformes		clara_birds
silkiechicken	silkiechicken	Gallus gallus	chicken	galliformes	domestic	clara_nam,clara_birds,clara_global
silkychicken	silkie_chicken		chicken	galliformes		clara_birds
silver-earedmesia	silver-eared_mesia		passerine	passeriformes		clara_birds
silverearedmesia	silver-eared_mesia		passerine	passeriformes		clara_birds
silverpheasant	silverpheasant	Lophura nycthemera	pheasant	galliformes	domestic	clara_nam,clara_birds,clara_global
silverteal						jordan
slaty-backedgull	slaty-backed_gull		gull	charadriiformes		clara_birds
slatybackedgull	slaty-backed_gull		gull	charadriiformes		clara_birds,jordan,clara_global
slenderbilledgull						jordan,clara_global
slenderbilledparakeet						jordan
smew	smew	Mergellus albellus	duck	anseriformes	wild	clara_nam,clara_birds
snipe						jordan
snowgoose	snowgoose	Anser caerulescens	goose	anseriformes	wild	clara_nam,clara_birds,clara_global
snowyegret	snowyegret	Egretta thula	heron	pelecaniformes	wild	clara_nam,clara_global
snowyowl	snowyowl	Bubo scandiacus	owl	strigiformes	wild	clara_nam,clara_birds,clara_global
snowyplover	snowyplover	Anarhynchus nivosus	wader	charadriiformes	wild	clara_nam,clara_global
somateria_fischeri	spectacled_eider		eider	anseriformes		clara_birds
sonalichicken						jordan
songsparrow	songsparrow	Melospiza melodia	passerine	passeriformes	wild	clara_nam
songthrush	song_thrush		passerine	passeriformes		clara_birds,clara_global
sooty_tern	sooty_tern		tern	charadriiformes		clara_birds
southamericantern						jordan
southernfulmar						jordan
southgeorgiashag						jordan
sparrow	sparrow	Passer 	passerine	passeriformes	wild	clara_nam,clara_birds,clara_global
sparrowhawk						jordan,clara_global
speckledpigeon						jordan
spectacled_eider	spectacled_eider		duck	anseriformes		clara_birds
spoonbill						jordan
spotbillduck						jordan
spotbilledduck	spot-billed_duck	Anas poecilorhyncha	duck	anseriformes	wild	clara_birds,jordan,clara_global
spotbilledpelican						jordan
spotteddove						jordan
spottedeagleowl						jordan
spur-wingedlapwing	spur-winged_lapwing		lapwing	charadriiformes		clara_birds
spurwingedgoose	spur-winged_goose		goose	anseriformes		clara_birds,jordan
starling	starling		starling	passeriformes		clara_birds
steamerduck						jordan
steller's_eider	stellars_eider		duck	anseriformes		clara_birds
sternahirundo	commontern	Sterna hirundo	seabird	charadriiformes	wild	jordan,clara_global
stonecurlew	stone_curlew		wader	charadriiformes		clara_birds
stork	stork		stork	ciconiiformes		clara_birds,clara_global
streptopeliadecaocto						jordan
strixuralensis						jordan,clara_global
sulaleucogaster						jordan,clara_global
summertanager	summertanager	Piranga rubra	passerine	passeriformes	wild	clara_nam
surfscoter	surfscoter	Melanitta perspicillata	duck	anseriformes	wild	clara_nam,clara_global
sus_scrofa	swine		swine	swine		clara_birds
sus_scrofa_domesticus	swine		swine	swine		clara_birds
sus_scrofa_scrofa	swine		swine	swine		clara_birds
sw	swine		swine	swine		clara_birds
swainsonshawk	swainsonshawk	Buteo swainsoni	raptor	accipitriformes	wild	clara_nam,clara_global
swallow	swallow		swallow	passeriformes		clara_birds
swam						jordan
swan	swan	Cygnus	swan	anseriformes	wild	clara_nam,clara_birds,clara_global
swangoose	swangoose	Anser cygnoides	goose	anseriformes	unknown	clara_nam
swansonshawk						jordan
swiftlet	swiftlet		swift	apodiformes		clara_birds
swifttern	swifttern	Thalasseus bergii	seabird	charadriiformes	wild	jordan
swine	swine		swine	swine		clara_birds,jordan
syrrhaptesparadoxus						jordan
tachybaptusruficollis	little_grebe		grebe	podicipediformes		clara_birds,clara_global
tadorna_feruginea	Ruddy_shelduck		duck	anseriformes		clara_birds
tadorna_tadorna	common_shelduck		duck	anseriformes		clara_birds
taigabeangoose						jordan
taiwan						jordan
taiwanesechicken	taiwanesechicken	Gallus gallus	chicken	galliformes	domestic	clara_nam,clara_global
tawnyowl						jordan,clara_global
tdk						jordan
teal	teal		duck	anseriformes	wild	clara_nam,clara_birds,clara_global
tern	tern		seabird	charadriiformes	wild	jordan,clara_global
thalasseusacuflavidus						jordan
thalasseusmaximus						jordan
thalasseussandvicensis	sandwich_tern		tern	charadriiformes		clara_birds,clara_global
thayersgull	thayersgull	Larus glaucoides thayeri	gull	charadriiformes	wild	clara_nam,clara_global
thickbiilledmurre						jordan
thickbilledmurre	thickbilledmurre	Uria lomvia	seabird	charadriiformes	wild	jordan
thrush						jordan
tree_sparrow	tree_sparrow		passerine	passeriformes		clara_birds
treesparrow	tree_sparrow		passerine	passeriformes		clara_birds
treeswallow	treeswallow	Tachycineta bicolor	passerine	passeriformes	wild	clara_nam
trumpeterswan	trumpeterswan	Cygnus buccinator	swan	anseriformes	wild	clara_nam,clara_birds,clara_global
tufted_duck	Tufted_duck		duck	anseriformes		clara_birds
tuftedduck	Tufted_duck		duck	anseriformes		clara_birds,clara_global
tundrabeangoose						jordan
tundraswan	tundraswan	Cygnus columbianus	swan	anseriformes	wild	clara_nam,clara_birds,clara_global
turkey	turkey	Meleagris gallopavo	turkey	galliformes	unknown	clara_nam,clara_birds,clara_global
turkeyvulture	turkeyvulture	Cathartes aura	raptor	accipitriformes	wild	clara_nam,clara_global
turnstone	ruddy_turnstone		wader	charadriiformes		clara_birds
turtle_dove	turtle_dove		dove	columbiformes		clara_birds
turtledove	turtle_dove		dove	columbiformes		clara_birds
ty						jordan
tytoalba						jordan,clara_global
uralowl						jordan,clara_global
velvet_scoter	velvet_scoter		duck	anseriformes		clara_birds
village_chicken	chicken		chicken	galliformes		clara_birds
villagechicken	chicken		chicken	galliformes		clara_birds
vonschrencksbittern						jordan
vulture	vulture		raptor	accipitriformes	wild	clara_nam,clara_birds,clara_global
warbler	warbler		passerine	passeriformes	wild	clara_nam
waterchicken	common_moorhen		moorhen	gruiformes		clara_birds
watercock	watercock		watercock	gruiformes		clara_birds
waterfowl	waterfowl			anseriformes	unknown	clara_nam,clara_global
wedge-tailed_shearwater	shearwater		shearwater	procellariiformes		clara_birds
westerncattleegret	cattleegret	Ardea ibis	wader	pelecaniformes	wild	jordan
westerngrebe	westerngrebe	Aechmophorus occidentalis	grebe	podicipediformes	wild	clara_nam,clara_global
westerngull	westerngull	Larus occidentalis	gull	charadriiformes	wild	clara_nam,clara_global
westernjackdaw						jordan,clara_global
westernkingbird	westernkingbird	Tyrannus verticalis	passerine	passeriformes	wild	clara_nam
westernmarshharrier						jordan,clara_global
westernsandpiper	westernsandpiper	Calidris mauri	wader	charadriiformes	wild	clara_nam,clara_global
westernscreechowl	westernscreechowl	Megascops kennicottii	owl	strigiformes	wild	clara_nam,clara_global
westernsnowyplover	snowyplover	Anarhynchus nivosus	wader	charadriiformes	wild	clara_nam
whimbrel	hudsonianwhimbrel	Numenius hudsonicus		charadriiformes	wild	clara_nam
whiskeredtern						jordan
whistlingduck						jordan,clara_global
whistlingswan	tundraswan	Cygnus columbianus	swan	anseriformes	wild	clara_nam,clara_birds
white-backedmunia	white-backed_munia		passerine	passeriformes		clara_birds
white-fronted_goose	white-fronted_goose		goose	anseriformes		clara_birds
white_peckin_duck	pekin_duck		duck	anseriformes		clara_birds
whitebackedmunia	white-backed_munia		passerine	passeriformes		clara_birds
whitebackedstilt						jordan
whitebreastedcormorant						jordan
whitecrownedsparrow	whitecrownedsparrow	Zonotrichia leucophrys	passerine	passeriformes	wild	clara_nam
whiteeyedpochard	white-eyed_pochard		duck	anseriformes		clara_birds,jordan
whitefacedibis	whitefacedibis	Plegadis chihi	wader	pelecaniformes	wild	clara_nam
whitefacedwhistlingduck						jordan
whitefrontedgoose	greater_white-fronted_goose		goose	anseriformes		clara_birds,clara_global
whitefrontgoose	greater_white-fronted_goose		goose	anseriformes		clara_birds,jordan
whitenapedcrane	whitenapedcrane	Antigone vipio		gruiformes	wild	jordan,clara_global
whitepeacock						jordan
whitepeafowl	white_peafowl		peafowl	galliformes		clara_birds
whitestork	white_stork	Ciconia ciconia	stork	ciconiiformes		clara_birds,clara_global
whitetailedeagle	white-tailed_eagle		raptor	accipitriformes		clara_birds,clara_global
whitetailedseaeagle						jordan
whitewingedblacktern						jordan
whitewingeddove	whitewingeddove	Zenaida asiatica	dove	columbiformes	wild	clara_nam,clara_global
whitewingedscoter	whitewingedscoter	Melanitta deglandi	duck	anseriformes	wild	clara_nam,clara_global
whooper_swan	whooper_swan		goose	anseriformes		clara_birds
whooperswan	whooper_swan		goose	anseriformes		clara_birds,clara_global
whooperswans						jordan
whoopingswan	whooper_swan		goose	anseriformes		clara_birds
wide_bird	avian		avian	avian		clara_birds
widgeon	American_wigeon		duck	anseriformes		clara_birds,jordan
wigeon	wigeon		duck			jordan,clara_global
wild_bird	bird		avian	avian		clara_birds
wild_birds	wild_birds		avian	avian		clara_birds
wild_boar	swine		swine	swine		clara_birds
wild_chicken	chicken		chicken	galliformes		clara_birds
wild_duck	duck		duck	anseriformes		clara_birds
wild_waterfowl	waterfowl		waterfowl	anseriformes		clara_birds
wildbird	wildbird		unknown	unknown	wild	clara_nam,clara_birds,clara_global
wildbirdsguineafowlmakouegyptiangeese						jordan
wildbirdsulanebouxii						jordan,clara_global
wildduck	wildduck		duck	anseriformes	wild	clara_nam,clara_birds,clara_global
wildfowl	fowl		fowl	galliformes		clara_birds
wildgeese	goose		goose	anseriformes		clara_birds,jordan,clara_global
wildgoose	wildgoose		goose	anseriformes	wild	clara_nam,clara_birds,clara_global
wildhybridduck	wildduck		duck	anseriformes	wild	clara_nam
wildpigeon						jordan
wildswan	swan		swan	anseriformes		clara_birds
wildturkey	wildturkey	Meleagris gallopavo	turkey	galliformes	wild	clara_nam,clara_birds,clara_global
wildwaterbird						jordan
wildwaterfowl	wildwaterfowl				wild	jordan
willet	willet	Tringa semipalmata	wader	charadriiformes	wild	clara_nam,clara_global
withetiledeagle	white-tailed_eagle		raptor	accipitriformes		clara_birds,clara_global
wood_duck	Wood_duck		duck	anseriformes		clara_birds
woodduck	woodduck	Chenonetta jubata or Aix sponsa	duck	anseriformes	wild	clara_nam,clara_birds,clara_global
yellow-billed_pintail	yellow-billed_pintail		duck	anseriformes		clara_birds
yellow_billed_duck	yellow-billed_duck		duck	anseriformes		clara_birds
yellowbilledduck	yellow-billed_duck		duck	anseriformes		clara_birds
yellowbilledpintail						jordan
yellowbilledteal						jordan
yellowheadedamazon						jordan
yellowleggedgull	yellow-legged_gull	Larus michahellis	gull	charadriiformes	wild	clara_birds,jordan,clara_global
yellowleggendgull						jordan,clara_global
zoopelican						jordan,clara_global
cattle	cattle	Bos taurus	cattle	artiodactyla	domestic	clara_nam
